#SampleID	BarcodeSequence	LinkerPrimerSequence	center_name	experiment_design_description	instrument_model	library_construction_protocol	platform	run_prefix	qiita_prep_id	alkalinity	ammonian	cod	country	day	dayweek	dna_extracted	env_biome	host_subject_id	latitutde	longitude	nitraten	nitrogent	ph	phosphorousr	phosphoroust	physical_specimen_remaining	qiita_study_id	sample_type	sampler	tss_vss	volatile_fatty_acids	Description
11282.d0.spike	AGCACGAGCCTA	YATGCTGCCTCCCGTAGGAGT	UCSDMI	Longitudinal study of four anaerobic digesters	Illumina MiSeq	16S	Illumina	D0-Spike-Re_S9_L001_R1_001	3571	Missing: Not collected	Missing: Not collected	Missing: Not collected	GAZ:United States of America	0	Wednesday	TRUE	ENVO:urban biome	DigesterAll	32.875245	-117.240135	Missing: Not collected	Missing: Not collected	Missing: Not collected	Missing: Not collected	Missing: Not collected	TRUE	11282	waste water	Chris	Missing: Not collected	Missing: Not collected	Water sample before it was placed in any of the digesters and after it had been spiked with a known concentration of Acinetobacter baylyi and Acinetobacter calcoaceticus
11282.d1.1	AGCACGAGCCTA	YATGCTGCCTCCCGTAGGAGT	UCSDMI	Longitudinal study of four anaerobic digesters	Illumina MiSeq	16S	Illumina	D1-1-Re_S7_L001_R1_001	3571	1524	66.4	1339	GAZ:United States of America	1	Thursday	TRUE	ENVO:urban biome	Digester1	32.875245	-117.240135	5.15	112.2	6.98	67.4	100.4	TRUE	11282	waste water	Leo	78	358	Digester1
11282.d1.2	AGCACGAGCCTA	YATGCTGCCTCCCGTAGGAGT	UCSDMI	Longitudinal study of four anaerobic digesters	Illumina MiSeq	16S	Illumina	D1-2-Re_S17_L001_R1_001	3571	376	70	3020	GAZ:United States of America	2	Friday	TRUE	ENVO:urban biome	Digester1	32.875245	-117.240135	9.78	224.8	6.73	136.32	225.6	TRUE	11282	waste water	Chris	75	1353	Digester1
11282.d1.3	AGCACGAGCCTA	YATGCTGCCTCCCGTAGGAGT	UCSDMI	Longitudinal study of four anaerobic digesters	Illumina MiSeq	16S	Illumina	D1-3_S14_L001_R1_001	3571	Missing: Not collected	Missing: Not collected	2377	GAZ:United States of America	3	Saturday	TRUE	ENVO:urban biome	Digester1	32.875245	-117.240135	Missing: Not collected	Missing: Not collected	Missing: Not collected	Missing: Not collected	Missing: Not collected	TRUE	11282	waste water	Leo	Missing: Not collected	Missing: Not collected	Digester1
11282.d1.4	AGCACGAGCCTA	YATGCTGCCTCCCGTAGGAGT	UCSDMI	Longitudinal study of four anaerobic digesters	Illumina MiSeq	16S	Illumina	D1-4-Re_S4_L001_R1_001	3571	Missing: Not collected	Missing: Not collected	2576	GAZ:United States of America	4	Sunday	TRUE	ENVO:urban biome	Digester1	32.875245	-117.240135	Missing: Not collected	Missing: Not collected	Missing: Not collected	Missing: Not collected	Missing: Not collected	TRUE	11282	waste water	Leo	Missing: Not collected	Missing: Not collected	Digester1
11282.d1.5	AGCACGAGCCTA	YATGCTGCCTCCCGTAGGAGT	UCSDMI	Longitudinal study of four anaerobic digesters	Illumina MiSeq	16S	Illumina	D1-5_S16_L001_R1_001	3571	2112	86	3360	GAZ:United States of America	5	Monday	TRUE	ENVO:urban biome	Digester1	32.875245	-117.240135	8.9	163.2	6.72	98	126	TRUE	11282	waste water	Chris	72	926	Digester1
11282.d1.6	AGCACGAGCCTA	YATGCTGCCTCCCGTAGGAGT	UCSDMI	Longitudinal study of four anaerobic digesters	Illumina MiSeq	16S	Illumina	D1-6_S17_L001_R1_001	3571	2064	85.2	3845	GAZ:United States of America	6	Tuesday	TRUE	ENVO:urban biome	Digester1	32.875245	-117.240135	9.32	180.8	6.76	50.4	114.4	TRUE	11282	waste water	Leo	75	907	Digester1
11282.d1.7	AGCACGAGCCTA	YATGCTGCCTCCCGTAGGAGT	UCSDMI	Longitudinal study of four anaerobic digesters	Illumina MiSeq	16S	Illumina	D1-7-Re_S8_L001_R1_001	3571	2192	90.8	3153	GAZ:United States of America	7	Wednesday	TRUE	ENVO:urban biome	Digester1	32.875245	-117.240135	8.58	169.2	6.89	102.8	122	TRUE	11282	waste water	Chris	71	798	Digester1
11282.d1.8	AGCACGAGCCTA	YATGCTGCCTCCCGTAGGAGT	UCSDMI	Longitudinal study of four anaerobic digesters	Illumina MiSeq	16S	Illumina	D1-8_S19_L001_R1_001	3571	1936	94	3258	GAZ:United States of America	8	Thursday	TRUE	ENVO:urban biome	Digester1	32.875245	-117.240135	3.38	177.6	6.81	102	130.8	TRUE	11282	waste water	Leo	69	778	Digester1
11282.d1.9	AGCACGAGCCTA	YATGCTGCCTCCCGTAGGAGT	UCSDMI	Longitudinal study of four anaerobic digesters	Illumina MiSeq	16S	Illumina	D1-9_S20_L001_R1_001	3571	2416	93.6	3266	GAZ:United States of America	9	Friday	TRUE	ENVO:urban biome	Digester1	32.875245	-117.240135	9.62	169.2	6.98	112.8	128.8	TRUE	11282	waste water	Chris	68	701	Digester1
11282.d1.10	AGCACGAGCCTA	YATGCTGCCTCCCGTAGGAGT	UCSDMI	Longitudinal study of four anaerobic digesters	Illumina MiSeq	16S	Illumina	D1-10_S21_L001_R1_001	3571	Missing: Not collected	Missing: Not collected	2103	GAZ:United States of America	10	Saturday	TRUE	ENVO:urban biome	Digester1	32.875245	-117.240135	Missing: Not collected	Missing: Not collected	Missing: Not collected	Missing: Not collected	Missing: Not collected	TRUE	11282	waste water	Leo	Missing: Not collected	Missing: Not collected	Digester1
11282.d1.11	AGCACGAGCCTA	YATGCTGCCTCCCGTAGGAGT	UCSDMI	Longitudinal study of four anaerobic digesters	Illumina MiSeq	16S	Illumina	D1-11_S22_L001_R1_001	3571	Missing: Not collected	Missing: Not collected	1278	GAZ:United States of America	11	Sunday	TRUE	ENVO:urban biome	Digester1	32.875245	-117.240135	Missing: Not collected	Missing: Not collected	Missing: Not collected	Missing: Not collected	Missing: Not collected	TRUE	11282	waste water	Leo	Missing: Not collected	Missing: Not collected	Digester1
11282.d1.12	AGCACGAGCCTA	YATGCTGCCTCCCGTAGGAGT	UCSDMI	Longitudinal study of four anaerobic digesters	Illumina MiSeq	16S	Illumina	D1-12_S23_L001_R1_001	3571	1776	96	2298	GAZ:United States of America	12	Monday	TRUE	ENVO:urban biome	Digester1	32.875245	-117.240135	7.18	151.6	6.83	102	109.2	TRUE	11282	waste water	Chris	69	570	Digester1
11282.d1.13	AGCACGAGCCTA	YATGCTGCCTCCCGTAGGAGT	UCSDMI	Longitudinal study of four anaerobic digesters	Illumina MiSeq	16S	Illumina	D1-13_S24_L001_R1_001	3571	2000	94	2084	GAZ:United States of America	13	Tuesday	TRUE	ENVO:urban biome	Digester1	32.875245	-117.240135	7.36	195.2	6.84	90	102.8	TRUE	11282	waste water	Leo	69	539	Digester1
11282.d1.14	AGCACGAGCCTA	YATGCTGCCTCCCGTAGGAGT	UCSDMI	Longitudinal study of four anaerobic digesters	Illumina MiSeq	16S	Illumina	D1-14_S25_L001_R1_001	3571	1808	98.4	2547	GAZ:United States of America	14	Wednesday	TRUE	ENVO:urban biome	Digester1	32.875245	-117.240135	6.84	140	6.9	92.4	108	TRUE	11282	waste water	Chris	68	553	Digester1
11282.d1.15	AGCACGAGCCTA	YATGCTGCCTCCCGTAGGAGT	UCSDMI	Longitudinal study of four anaerobic digesters	Illumina MiSeq	16S	Illumina	D1-15_S26_L001_R1_001	3571	1744	95.6	2234	GAZ:United States of America	15	Thursday	TRUE	ENVO:urban biome	Digester1	32.875245	-117.240135	9.26	162.4	6.96	92.4	112.8	TRUE	11282	waste water	Leo	68	560	Digester1
11282.d1.16	AGCACGAGCCTA	YATGCTGCCTCCCGTAGGAGT	UCSDMI	Longitudinal study of four anaerobic digesters	Illumina MiSeq	16S	Illumina	D1-16-Re_S12_L001_R1_001	3571	1524.8	99.2	1877	GAZ:United States of America	16	Friday	TRUE	ENVO:urban biome	Digester1	32.875245	-117.240135	6.1	145.6	6.88	91.6	104	TRUE	11282	waste water	Chris	62	531	Digester1
11282.d1.17	AGCACGAGCCTA	YATGCTGCCTCCCGTAGGAGT	UCSDMI	Longitudinal study of four anaerobic digesters	Illumina MiSeq	16S	Illumina	D1-17-Re_S19_L001_R1_001	3571	Missing: Not collected	Missing: Not collected	1966	GAZ:United States of America	17	Saturday	TRUE	ENVO:urban biome	Digester1	32.875245	-117.240135	Missing: Not collected	Missing: Not collected	Missing: Not collected	Missing: Not collected	Missing: Not collected	TRUE	11282	waste water	Leo	Missing: Not collected	Missing: Not collected	Digester1
11282.d1.18	AGCACGAGCCTA	YATGCTGCCTCCCGTAGGAGT	UCSDMI	Longitudinal study of four anaerobic digesters	Illumina MiSeq	16S	Illumina	D1-18_S3_L001_R1_001	3571	Missing: Not collected	Missing: Not collected	1996	GAZ:United States of America	18	Sunday	TRUE	ENVO:urban biome	Digester1	32.875245	-117.240135	Missing: Not collected	Missing: Not collected	Missing: Not collected	Missing: Not collected	Missing: Not collected	TRUE	11282	waste water	Leo	Missing: Not collected	Missing: Not collected	Digester1
11282.d1.19	AGCACGAGCCTA	YATGCTGCCTCCCGTAGGAGT	UCSDMI	Longitudinal study of four anaerobic digesters	Illumina MiSeq	16S	Illumina	D1-19-Re_S3_L001_R1_001	3571	1486.4	101.2	1656	GAZ:United States of America	19	Monday	TRUE	ENVO:urban biome	Digester1	32.875245	-117.240135	5.5	124.8	6.97	81.6	93.2	TRUE	11282	waste water	Chris	64	454	Digester1
11282.d1.20	AGCACGAGCCTA	YATGCTGCCTCCCGTAGGAGT	UCSDMI	Longitudinal study of four anaerobic digesters	Illumina MiSeq	16S	Illumina	D1-20_S5_L001_R1_001	3571	1888	100	1534	GAZ:United States of America	20	Tuesday	TRUE	ENVO:urban biome	Digester1	32.875245	-117.240135	5.4	142	6.93	82	91.6	TRUE	11282	waste water	Leo	65	474	Digester1
11282.d1.21	AGCACGAGCCTA	YATGCTGCCTCCCGTAGGAGT	UCSDMI	Longitudinal study of four anaerobic digesters	Illumina MiSeq	16S	Illumina	D1-21-Re_S11_L001_R1_001	3571	1302.4	100.4	1668	GAZ:United States of America	21	Wednesday	TRUE	ENVO:urban biome	Digester1	32.875245	-117.240135	5.6	138.4	6.98	88	97.6	TRUE	11282	waste water	Chris	68	476	Digester1
11282.d1.22	AGCACGAGCCTA	YATGCTGCCTCCCGTAGGAGT	UCSDMI	Longitudinal study of four anaerobic digesters	Illumina MiSeq	16S	Illumina	D1-22-Re_S18_L001_R1_001	3571	1371.2	103.2	1497	GAZ:United States of America	22	Thursday	TRUE	ENVO:urban biome	Digester1	32.875245	-117.240135	5.04	134.4	6.99	82	90.8	TRUE	11282	waste water	Leo	69	445	Digester1
11282.d1.23	AGCACGAGCCTA	YATGCTGCCTCCCGTAGGAGT	UCSDMI	Longitudinal study of four anaerobic digesters	Illumina MiSeq	16S	Illumina	D1-23_S8_L001_R1_001	3571	1384	110.4	1464	GAZ:United States of America	23	Friday	TRUE	ENVO:urban biome	Digester1	32.875245	-117.240135	5.56	132.8	7.02	81.2	89.6	TRUE	11282	waste water	Chris	69	468	Digester1
11282.d1.24	AGCACGAGCCTA	YATGCTGCCTCCCGTAGGAGT	UCSDMI	Longitudinal study of four anaerobic digesters	Illumina MiSeq	16S	Illumina	D1-24_S9_L001_R1_001	3571	Missing: Not collected	Missing: Not collected	1524	GAZ:United States of America	24	Saturday	TRUE	ENVO:urban biome	Digester1	32.875245	-117.240135	Missing: Not collected	Missing: Not collected	Missing: Not collected	Missing: Not collected	Missing: Not collected	TRUE	11282	waste water	Leo	Missing: Not collected	Missing: Not collected	Digester1
11282.d1.25	AGCACGAGCCTA	YATGCTGCCTCCCGTAGGAGT	UCSDMI	Longitudinal study of four anaerobic digesters	Illumina MiSeq	16S	Illumina	D1-25_S10_L001_R1_001	3571	Missing: Not collected	Missing: Not collected	1610	GAZ:United States of America	25	Sunday	TRUE	ENVO:urban biome	Digester1	32.875245	-117.240135	Missing: Not collected	Missing: Not collected	Missing: Not collected	Missing: Not collected	Missing: Not collected	TRUE	11282	waste water	Leo	Missing: Not collected	Missing: Not collected	Digester1
11282.d1.26	AGCACGAGCCTA	YATGCTGCCTCCCGTAGGAGT	UCSDMI	Longitudinal study of four anaerobic digesters	Illumina MiSeq	16S	Illumina	D1-26_S11_L001_R1_001	3571	1288	105.6	1492	GAZ:United States of America	26	Monday	TRUE	ENVO:urban biome	Digester1	32.875245	-117.240135	5.6	126.4	6.97	82.8	92	TRUE	11282	waste water	Chris	72	458	Digester1
11282.d1.27	AGCACGAGCCTA	YATGCTGCCTCCCGTAGGAGT	UCSDMI	Longitudinal study of four anaerobic digesters	Illumina MiSeq	16S	Illumina	D1-27_S12_L001_R1_001	3571	1115.2	102.8	1388	GAZ:United States of America	27	Tuesday	TRUE	ENVO:urban biome	Digester1	32.875245	-117.240135	4.7	141.2	6.92	78.4	87.2	TRUE	11282	waste water	Leo	71	382	Digester1
11282.d1.28	AGCACGAGCCTA	YATGCTGCCTCCCGTAGGAGT	UCSDMI	Longitudinal study of four anaerobic digesters	Illumina MiSeq	16S	Illumina	D1-28_S13_L001_R1_001	3571	1312	104.4	1378	GAZ:United States of America	28	Wednesday	TRUE	ENVO:urban biome	Digester1	32.875245	-117.240135	5.22	143.2	6.97	79.2	90	TRUE	11282	waste water	Chris	69	438	Digester1
11282.d1.29	AGCACGAGCCTA	YATGCTGCCTCCCGTAGGAGT	UCSDMI	Longitudinal study of four anaerobic digesters	Illumina MiSeq	16S	Illumina	D1-29_S14_L001_R1_001	3571	1433.6	106.4	1540	GAZ:United States of America	29	Thursday	TRUE	ENVO:urban biome	Digester1	32.875245	-117.240135	5.32	158	6.94	80.4	90	TRUE	11282	waste water	Leo	63	438	Digester1
11282.d2.1	AGCACGAGCCTA	YATGCTGCCTCCCGTAGGAGT	UCSDMI	Longitudinal study of four anaerobic digesters	Illumina MiSeq	16S	Illumina	D2-1_S27_L001_R1_001	3571	1592	64.4	2147	GAZ:United States of America	1	Thursday	TRUE	ENVO:urban biome	Digester2	32.875245	-117.240135	9.52	136.6	7.02	73.4	103.6	TRUE	11282	waste water	Leo	76	343	Digester2
11282.d2.2	AGCACGAGCCTA	YATGCTGCCTCCCGTAGGAGT	UCSDMI	Longitudinal study of four anaerobic digesters	Illumina MiSeq	16S	Illumina	D2-2_S28_L001_R1_001	3571	546	73.2	7181	GAZ:United States of America	2	Friday	TRUE	ENVO:urban biome	Digester2	32.875245	-117.240135	11.7	161.6	6.76	107.36	154.08	TRUE	11282	waste water	Chris	74	2215	Digester2
11282.d2.3	AGCACGAGCCTA	YATGCTGCCTCCCGTAGGAGT	UCSDMI	Longitudinal study of four anaerobic digesters	Illumina MiSeq	16S	Illumina	D2-3_S29_L001_R1_001	3571	Missing: Not collected	Missing: Not collected	2100	GAZ:United States of America	3	Saturday	TRUE	ENVO:urban biome	Digester2	32.875245	-117.240135	Missing: Not collected	Missing: Not collected	Missing: Not collected	Missing: Not collected	Missing: Not collected	TRUE	11282	waste water	Leo	Missing: Not collected	Missing: Not collected	Digester2
11282.d2.4	AGCACGAGCCTA	YATGCTGCCTCCCGTAGGAGT	UCSDMI	Longitudinal study of four anaerobic digesters	Illumina MiSeq	16S	Illumina	D2-4_S30_L001_R1_001	3571	Missing: Not collected	Missing: Not collected	2088	GAZ:United States of America	4	Sunday	TRUE	ENVO:urban biome	Digester2	32.875245	-117.240135	Missing: Not collected	Missing: Not collected	Missing: Not collected	Missing: Not collected	Missing: Not collected	TRUE	11282	waste water	Leo	Missing: Not collected	Missing: Not collected	Digester2
11282.d2.5	AGCACGAGCCTA	YATGCTGCCTCCCGTAGGAGT	UCSDMI	Longitudinal study of four anaerobic digesters	Illumina MiSeq	16S	Illumina	D2-5_S31_L001_R1_001	3571	2768	86.8	4320	GAZ:United States of America	5	Monday	TRUE	ENVO:urban biome	Digester2	32.875245	-117.240135	12.82	193.6	6.88	123.6	161.2	TRUE	11282	waste water	Chris	68	1233	Digester2
11282.d2.6	AGCACGAGCCTA	YATGCTGCCTCCCGTAGGAGT	UCSDMI	Longitudinal study of four anaerobic digesters	Illumina MiSeq	16S	Illumina	D2-6_S32_L001_R1_001	3571	1792	87.2	4104	GAZ:United States of America	6	Tuesday	TRUE	ENVO:urban biome	Digester2	32.875245	-117.240135	11.4	159.2	6.88	47.6	128.4	TRUE	11282	waste water	Leo	54	942	Digester2
11282.d2.7	AGCACGAGCCTA	YATGCTGCCTCCCGTAGGAGT	UCSDMI	Longitudinal study of four anaerobic digesters	Illumina MiSeq	16S	Illumina	D2-7_S33_L001_R1_001	3571	2192	91.6	3313	GAZ:United States of America	7	Wednesday	TRUE	ENVO:urban biome	Digester2	32.875245	-117.240135	9.32	172.4	7.03	123.2	137.2	TRUE	11282	waste water	Chris	69	894	Digester2
11282.d2.8	AGCACGAGCCTA	YATGCTGCCTCCCGTAGGAGT	UCSDMI	Longitudinal study of four anaerobic digesters	Illumina MiSeq	16S	Illumina	D2-8_S34_L001_R1_001	3571	2352	94	4076	GAZ:United States of America	8	Thursday	TRUE	ENVO:urban biome	Digester2	32.875245	-117.240135	3.58	200.4	6.98	39.2	152.4	TRUE	11282	waste water	Leo	68	906	Digester2
11282.d2.9	AGCACGAGCCTA	YATGCTGCCTCCCGTAGGAGT	UCSDMI	Longitudinal study of four anaerobic digesters	Illumina MiSeq	16S	Illumina	D2-9_S35_L001_R1_001	3571	3024	92	3585	GAZ:United States of America	9	Friday	TRUE	ENVO:urban biome	Digester2	32.875245	-117.240135	10.46	162.8	7.09	113.2	139.2	TRUE	11282	waste water	Chris	68	762	Digester2
11282.d2.10	AGCACGAGCCTA	YATGCTGCCTCCCGTAGGAGT	UCSDMI	Longitudinal study of four anaerobic digesters	Illumina MiSeq	16S	Illumina	D2-10_S36_L001_R1_001	3571	Missing: Not collected	Missing: Not collected	1736	GAZ:United States of America	10	Saturday	TRUE	ENVO:urban biome	Digester2	32.875245	-117.240135	Missing: Not collected	Missing: Not collected	Missing: Not collected	Missing: Not collected	Missing: Not collected	TRUE	11282	waste water	Leo	Missing: Not collected	Missing: Not collected	Digester2
11282.d2.11	AGCACGAGCCTA	YATGCTGCCTCCCGTAGGAGT	UCSDMI	Longitudinal study of four anaerobic digesters	Illumina MiSeq	16S	Illumina	D2-11-Re_S15_L001_R1_001	3571	Missing: Not collected	Missing: Not collected	1147	GAZ:United States of America	11	Sunday	TRUE	ENVO:urban biome	Digester2	32.875245	-117.240135	Missing: Not collected	Missing: Not collected	Missing: Not collected	Missing: Not collected	Missing: Not collected	TRUE	11282	waste water	Leo	Missing: Not collected	Missing: Not collected	Digester2
11282.d2.12	AGCACGAGCCTA	YATGCTGCCTCCCGTAGGAGT	UCSDMI	Longitudinal study of four anaerobic digesters	Illumina MiSeq	16S	Illumina	D2-12_S38_L001_R1_001	3571	2400	94.8	3592	GAZ:United States of America	12	Monday	TRUE	ENVO:urban biome	Digester2	32.875245	-117.240135	11.38	184	7.05	116.8	143.6	TRUE	11282	waste water	Chris	67	732	Digester2
11282.d2.13	AGCACGAGCCTA	YATGCTGCCTCCCGTAGGAGT	UCSDMI	Longitudinal study of four anaerobic digesters	Illumina MiSeq	16S	Illumina	D2-13_S39_L001_R1_001	3571	2352	92	3262	GAZ:United States of America	13	Tuesday	TRUE	ENVO:urban biome	Digester2	32.875245	-117.240135	8.18	188.4	7.1	113.2	136	TRUE	11282	waste water	Leo	68	748	Digester2
11282.d2.14	AGCACGAGCCTA	YATGCTGCCTCCCGTAGGAGT	UCSDMI	Longitudinal study of four anaerobic digesters	Illumina MiSeq	16S	Illumina	D2-14_S40_L001_R1_001	3571	2320	96.8	3784	GAZ:United States of America	14	Wednesday	TRUE	ENVO:urban biome	Digester2	32.875245	-117.240135	10.34	160	7.09	117.2	143.2	TRUE	11282	waste water	Chris	67	701	Digester2
11282.d2.15	AGCACGAGCCTA	YATGCTGCCTCCCGTAGGAGT	UCSDMI	Longitudinal study of four anaerobic digesters	Illumina MiSeq	16S	Illumina	D2-15-Re_S14_L001_R1_001	3571	2400	96	3542	GAZ:United States of America	15	Thursday	TRUE	ENVO:urban biome	Digester2	32.875245	-117.240135	13.88	188	7.14	120.4	143.6	TRUE	11282	waste water	Leo	67	776	Digester2
11282.d2.16	AGCACGAGCCTA	YATGCTGCCTCCCGTAGGAGT	UCSDMI	Longitudinal study of four anaerobic digesters	Illumina MiSeq	16S	Illumina	D2-16_S17_L001_R1_001	3571	2816	100	3820	GAZ:United States of America	16	Friday	TRUE	ENVO:urban biome	Digester2	32.875245	-117.240135	12.44	200	7.13	132	157.6	TRUE	11282	waste water	Chris	66	1005	Digester2
11282.d2.17	AGCACGAGCCTA	YATGCTGCCTCCCGTAGGAGT	UCSDMI	Longitudinal study of four anaerobic digesters	Illumina MiSeq	16S	Illumina	D2-17_S18_L001_R1_001	3571	Missing: Not collected	Missing: Not collected	3770	GAZ:United States of America	17	Saturday	TRUE	ENVO:urban biome	Digester2	32.875245	-117.240135	Missing: Not collected	Missing: Not collected	Missing: Not collected	Missing: Not collected	Missing: Not collected	TRUE	11282	waste water	Leo	Missing: Not collected	Missing: Not collected	Digester2
11282.d2.18	AGCACGAGCCTA	YATGCTGCCTCCCGTAGGAGT	UCSDMI	Longitudinal study of four anaerobic digesters	Illumina MiSeq	16S	Illumina	D2-18_S19_L001_R1_001	3571	Missing: Not collected	Missing: Not collected	1672	GAZ:United States of America	18	Sunday	TRUE	ENVO:urban biome	Digester2	32.875245	-117.240135	Missing: Not collected	Missing: Not collected	Missing: Not collected	Missing: Not collected	Missing: Not collected	TRUE	11282	waste water	Leo	Missing: Not collected	Missing: Not collected	Digester2
11282.d2.19	AGCACGAGCCTA	YATGCTGCCTCCCGTAGGAGT	UCSDMI	Longitudinal study of four anaerobic digesters	Illumina MiSeq	16S	Illumina	D2-19_S20_L001_R1_001	3571	2224	98.8	3148	GAZ:United States of America	19	Monday	TRUE	ENVO:urban biome	Digester2	32.875245	-117.240135	10.68	154	7.14	118.4	135.6	TRUE	11282	waste water	Chris	65	749	Digester2
11282.d2.20	AGCACGAGCCTA	YATGCTGCCTCCCGTAGGAGT	UCSDMI	Longitudinal study of four anaerobic digesters	Illumina MiSeq	16S	Illumina	D2-20_S21_L001_R1_001	3571	2368	99.2	3227	GAZ:United States of America	20	Tuesday	TRUE	ENVO:urban biome	Digester2	32.875245	-117.240135	11.14	185.6	7.19	117.2	136.8	TRUE	11282	waste water	Leo	64	809	Digester2
11282.d2.21	AGCACGAGCCTA	YATGCTGCCTCCCGTAGGAGT	UCSDMI	Longitudinal study of four anaerobic digesters	Illumina MiSeq	16S	Illumina	D2-21_S22_L001_R1_001	3571	644	100.8	3353	GAZ:United States of America	21	Wednesday	TRUE	ENVO:urban biome	Digester2	32.875245	-117.240135	12.38	184.4	7.18	123.2	146	TRUE	11282	waste water	Chris	66	833	Digester2
11282.d2.22	AGCACGAGCCTA	YATGCTGCCTCCCGTAGGAGT	UCSDMI	Longitudinal study of four anaerobic digesters	Illumina MiSeq	16S	Illumina	D2-22_S23_L001_R1_001	3571	2176	100.4	3172	GAZ:United States of America	22	Thursday	TRUE	ENVO:urban biome	Digester2	32.875245	-117.240135	10.68	172	7.23	117.2	137.6	TRUE	11282	waste water	Leo	67	800	Digester2
11282.d2.23	AGCACGAGCCTA	YATGCTGCCTCCCGTAGGAGT	UCSDMI	Longitudinal study of four anaerobic digesters	Illumina MiSeq	16S	Illumina	D2-23_S24_L001_R1_001	3571	1984	99.2	2869	GAZ:United States of America	23	Friday	TRUE	ENVO:urban biome	Digester2	32.875245	-117.240135	10.2	184.8	7.28	109.2	130	TRUE	11282	waste water	Chris	68	811	Digester2
11282.d2.24	AGCACGAGCCTA	YATGCTGCCTCCCGTAGGAGT	UCSDMI	Longitudinal study of four anaerobic digesters	Illumina MiSeq	16S	Illumina	D2-24_S25_L001_R1_001	3571	Missing: Not collected	Missing: Not collected	2716	GAZ:United States of America	24	Saturday	TRUE	ENVO:urban biome	Digester2	32.875245	-117.240135	Missing: Not collected	Missing: Not collected	Missing: Not collected	Missing: Not collected	Missing: Not collected	TRUE	11282	waste water	Leo	Missing: Not collected	Missing: Not collected	Digester2
11282.d2.25	AGCACGAGCCTA	YATGCTGCCTCCCGTAGGAGT	UCSDMI	Longitudinal study of four anaerobic digesters	Illumina MiSeq	16S	Illumina	D2-25_S26_L001_R1_001	3571	Missing: Not collected	Missing: Not collected	2947	GAZ:United States of America	25	Sunday	TRUE	ENVO:urban biome	Digester2	32.875245	-117.240135	Missing: Not collected	Missing: Not collected	Missing: Not collected	Missing: Not collected	Missing: Not collected	TRUE	11282	waste water	Leo	Missing: Not collected	Missing: Not collected	Digester2
11282.d2.26	AGCACGAGCCTA	YATGCTGCCTCCCGTAGGAGT	UCSDMI	Longitudinal study of four anaerobic digesters	Illumina MiSeq	16S	Illumina	D2-26-Re_S20_L001_R1_001	3571	2032	101.6	3206	GAZ:United States of America	26	Monday	TRUE	ENVO:urban biome	Digester2	32.875245	-117.240135	11.46	161.2	7.34	118	141.2	TRUE	11282	waste water	Chris	66	874	Digester2
11282.d2.27	AGCACGAGCCTA	YATGCTGCCTCCCGTAGGAGT	UCSDMI	Longitudinal study of four anaerobic digesters	Illumina MiSeq	16S	Illumina	D2-27_S28_L001_R1_001	3571	2400	101.6	3660	GAZ:United States of America	27	Tuesday	TRUE	ENVO:urban biome	Digester2	32.875245	-117.240135	13.54	203.6	7.11	130.4	148.4	TRUE	11282	waste water	Leo	67	425	Digester2
11282.d2.28	AGCACGAGCCTA	YATGCTGCCTCCCGTAGGAGT	UCSDMI	Longitudinal study of four anaerobic digesters	Illumina MiSeq	16S	Illumina	D2-28_S29_L001_R1_001	3571	1824	100	2647	GAZ:United States of America	28	Wednesday	TRUE	ENVO:urban biome	Digester2	32.875245	-117.240135	9.6	177.6	7.18	108.4	128	TRUE	11282	waste water	Chris	65	752	Digester2
11282.d2.29	AGCACGAGCCTA	YATGCTGCCTCCCGTAGGAGT	UCSDMI	Longitudinal study of four anaerobic digesters	Illumina MiSeq	16S	Illumina	D2-29_S30_L001_R1_001	3571	2144	102	3157	GAZ:United States of America	29	Thursday	TRUE	ENVO:urban biome	Digester2	32.875245	-117.240135	10.36	184.8	7.18	113.2	136.8	TRUE	11282	waste water	Leo	67	734	Digester2
11282.d3.1	AGCACGAGCCTA	YATGCTGCCTCCCGTAGGAGT	UCSDMI	Longitudinal study of four anaerobic digesters	Illumina MiSeq	16S	Illumina	D3-1_S42_L001_R1_001	3571	1188	64	1380	GAZ:United States of America	1	Thursday	TRUE	ENVO:urban biome	Digester3	32.875245	-117.240135	3.72	139.2	7.06	68.6	85.6	TRUE	11282	waste water	Leo	77	381	Digester3
11282.d3.2	AGCACGAGCCTA	YATGCTGCCTCCCGTAGGAGT	UCSDMI	Longitudinal study of four anaerobic digesters	Illumina MiSeq	16S	Illumina	D3-2_S43_L001_R1_001	3571	496	72.8	2136	GAZ:United States of America	2	Friday	TRUE	ENVO:urban biome	Digester3	32.875245	-117.240135	10.3	176	6.79	96	147.04	TRUE	11282	waste water	Chris	75	2498	Digester3
11282.d3.3	AGCACGAGCCTA	YATGCTGCCTCCCGTAGGAGT	UCSDMI	Longitudinal study of four anaerobic digesters	Illumina MiSeq	16S	Illumina	D3-3_S44_L001_R1_001	3571	Missing: Not collected	Missing: Not collected	2117	GAZ:United States of America	3	Saturday	TRUE	ENVO:urban biome	Digester3	32.875245	-117.240135	Missing: Not collected	Missing: Not collected	Missing: Not collected	Missing: Not collected	Missing: Not collected	TRUE	11282	waste water	Leo	Missing: Not collected	Missing: Not collected	Digester3
11282.d3.4	AGCACGAGCCTA	YATGCTGCCTCCCGTAGGAGT	UCSDMI	Longitudinal study of four anaerobic digesters	Illumina MiSeq	16S	Illumina	D3-4-Re_S10_L001_R1_001	3571	Missing: Not collected	Missing: Not collected	2248	GAZ:United States of America	4	Sunday	TRUE	ENVO:urban biome	Digester3	32.875245	-117.240135	Missing: Not collected	Missing: Not collected	Missing: Not collected	Missing: Not collected	Missing: Not collected	TRUE	11282	waste water	Leo	Missing: Not collected	Missing: Not collected	Digester3
11282.d3.5	AGCACGAGCCTA	YATGCTGCCTCCCGTAGGAGT	UCSDMI	Longitudinal study of four anaerobic digesters	Illumina MiSeq	16S	Illumina	D3-5_S46_L001_R1_001	3571	1984	85.6	3908	GAZ:United States of America	5	Monday	TRUE	ENVO:urban biome	Digester3	32.875245	-117.240135	9.17	161.6	6.62	96.8	126	TRUE	11282	waste water	Chris	71	1064	Digester3
11282.d3.6	AGCACGAGCCTA	YATGCTGCCTCCCGTAGGAGT	UCSDMI	Longitudinal study of four anaerobic digesters	Illumina MiSeq	16S	Illumina	D3-6_S47_L001_R1_001	3571	1728	87.6	3078	GAZ:United States of America	6	Tuesday	TRUE	ENVO:urban biome	Digester3	32.875245	-117.240135	8.2	172	6.69	44.4	116.8	TRUE	11282	waste water	Leo	78	951	Digester3
11282.d3.7	AGCACGAGCCTA	YATGCTGCCTCCCGTAGGAGT	UCSDMI	Longitudinal study of four anaerobic digesters	Illumina MiSeq	16S	Illumina	D3-7_S48_L001_R1_001	3571	1648	91.6	3516	GAZ:United States of America	7	Wednesday	TRUE	ENVO:urban biome	Digester3	32.875245	-117.240135	8.06	162.8	6.8	102.4	115.2	TRUE	11282	waste water	Chris	70	877	Digester3
11282.d3.8	AGCACGAGCCTA	YATGCTGCCTCCCGTAGGAGT	UCSDMI	Longitudinal study of four anaerobic digesters	Illumina MiSeq	16S	Illumina	D3-8_S49_L001_R1_001	3571	1760	95.2	3502	GAZ:United States of America	8	Thursday	TRUE	ENVO:urban biome	Digester3	32.875245	-117.240135	2.6	173.6	6.79	100	121.6	TRUE	11282	waste water	Leo	71	761	Digester3
11282.d3.9	AGCACGAGCCTA	YATGCTGCCTCCCGTAGGAGT	UCSDMI	Longitudinal study of four anaerobic digesters	Illumina MiSeq	16S	Illumina	D3-9_S50_L001_R1_001	3571	2016	98.8	3164	GAZ:United States of America	9	Friday	TRUE	ENVO:urban biome	Digester3	32.875245	-117.240135	7.38	145.6	6.85	92.4	114.4	TRUE	11282	waste water	Chris	71	512	Digester3
11282.d3.10	AGCACGAGCCTA	YATGCTGCCTCCCGTAGGAGT	UCSDMI	Longitudinal study of four anaerobic digesters	Illumina MiSeq	16S	Illumina	D3-10_S51_L001_R1_001	3571	Missing: Not collected	Missing: Not collected	2108	GAZ:United States of America	10	Saturday	TRUE	ENVO:urban biome	Digester3	32.875245	-117.240135	Missing: Not collected	Missing: Not collected	Missing: Not collected	Missing: Not collected	Missing: Not collected	TRUE	11282	waste water	Leo	Missing: Not collected	Missing: Not collected	Digester3
11282.d3.11	AGCACGAGCCTA	YATGCTGCCTCCCGTAGGAGT	UCSDMI	Longitudinal study of four anaerobic digesters	Illumina MiSeq	16S	Illumina	D3-11_S52_L001_R1_001	3571	Missing: Not collected	Missing: Not collected	1443	GAZ:United States of America	11	Sunday	TRUE	ENVO:urban biome	Digester3	32.875245	-117.240135	Missing: Not collected	Missing: Not collected	Missing: Not collected	Missing: Not collected	Missing: Not collected	TRUE	11282	waste water	Leo	Missing: Not collected	Missing: Not collected	Digester3
11282.d3.12	AGCACGAGCCTA	YATGCTGCCTCCCGTAGGAGT	UCSDMI	Longitudinal study of four anaerobic digesters	Illumina MiSeq	16S	Illumina	D3-12_S53_L001_R1_001	3571	1712	100.8	2780	GAZ:United States of America	12	Monday	TRUE	ENVO:urban biome	Digester3	32.875245	-117.240135	7.26	151.2	6.85	88.4	111.6	TRUE	11282	waste water	Chris	72	609	Digester3
11282.d3.13	AGCACGAGCCTA	YATGCTGCCTCCCGTAGGAGT	UCSDMI	Longitudinal study of four anaerobic digesters	Illumina MiSeq	16S	Illumina	D3-13_S54_L001_R1_001	3571	1664	94	2199	GAZ:United States of America	13	Tuesday	TRUE	ENVO:urban biome	Digester3	32.875245	-117.240135	7.34	146.4	6.82	83.2	97.2	TRUE	11282	waste water	Leo	69	555	Digester3
11282.d3.14	AGCACGAGCCTA	YATGCTGCCTCCCGTAGGAGT	UCSDMI	Longitudinal study of four anaerobic digesters	Illumina MiSeq	16S	Illumina	D3-14_S55_L001_R1_001	3571	1728	98.8	2318	GAZ:United States of America	14	Wednesday	TRUE	ENVO:urban biome	Digester3	32.875245	-117.240135	6.08	135.6	6.9	86	104.8	TRUE	11282	waste water	Chris	67	504	Digester3
11282.d3.15	AGCACGAGCCTA	YATGCTGCCTCCCGTAGGAGT	UCSDMI	Longitudinal study of four anaerobic digesters	Illumina MiSeq	16S	Illumina	D3-15_S56_L001_R1_001	3571	1446.4	94.4	1644	GAZ:United States of America	15	Thursday	TRUE	ENVO:urban biome	Digester3	32.875245	-117.240135	6.62	139.6	6.94	82	92.8	TRUE	11282	waste water	Leo	69	423	Digester3
11282.d3.16	AGCACGAGCCTA	YATGCTGCCTCCCGTAGGAGT	UCSDMI	Longitudinal study of four anaerobic digesters	Illumina MiSeq	16S	Illumina	D3-16_S31_L001_R1_001	3571	1438.4	98	1337	GAZ:United States of America	16	Friday	TRUE	ENVO:urban biome	Digester3	32.875245	-117.240135	4.38	125.6	6.89	79.2	88.8	TRUE	11282	waste water	Chris	71	655	Digester3
11282.d3.17	AGCACGAGCCTA	YATGCTGCCTCCCGTAGGAGT	UCSDMI	Longitudinal study of four anaerobic digesters	Illumina MiSeq	16S	Illumina	D3-17_S32_L001_R1_001	3571	Missing: Not collected	Missing: Not collected	1887	GAZ:United States of America	17	Saturday	TRUE	ENVO:urban biome	Digester3	32.875245	-117.240135	Missing: Not collected	Missing: Not collected	Missing: Not collected	Missing: Not collected	Missing: Not collected	TRUE	11282	waste water	Leo	Missing: Not collected	Missing: Not collected	Digester3
11282.d3.18	AGCACGAGCCTA	YATGCTGCCTCCCGTAGGAGT	UCSDMI	Longitudinal study of four anaerobic digesters	Illumina MiSeq	16S	Illumina	D3-18_S33_L001_R1_001	3571	Missing: Not collected	Missing: Not collected	1457	GAZ:United States of America	18	Sunday	TRUE	ENVO:urban biome	Digester3	32.875245	-117.240135	Missing: Not collected	Missing: Not collected	Missing: Not collected	Missing: Not collected	Missing: Not collected	TRUE	11282	waste water	Leo	Missing: Not collected	Missing: Not collected	Digester3
11282.d3.19	AGCACGAGCCTA	YATGCTGCCTCCCGTAGGAGT	UCSDMI	Longitudinal study of four anaerobic digesters	Illumina MiSeq	16S	Illumina	D3-19-Re_S13_L001_R1_001	3571	1302.4	98.4	1208	GAZ:United States of America	19	Monday	TRUE	ENVO:urban biome	Digester3	32.875245	-117.240135	3.98	118.8	7.08	76	84	TRUE	11282	waste water	Chris	71	328	Digester3
11282.d3.20	AGCACGAGCCTA	YATGCTGCCTCCCGTAGGAGT	UCSDMI	Longitudinal study of four anaerobic digesters	Illumina MiSeq	16S	Illumina	D3-20_S35_L001_R1_001	3571	1280	84.8	1215	GAZ:United States of America	20	Tuesday	TRUE	ENVO:urban biome	Digester3	32.875245	-117.240135	3.54	128	6.97	72.4	75.6	TRUE	11282	waste water	Leo	67	329	Digester3
11282.d3.21	AGCACGAGCCTA	YATGCTGCCTCCCGTAGGAGT	UCSDMI	Longitudinal study of four anaerobic digesters	Illumina MiSeq	16S	Illumina	D3-21_S36_L001_R1_001	3571	1272	97.6	971	GAZ:United States of America	21	Wednesday	TRUE	ENVO:urban biome	Digester3	32.875245	-117.240135	3.28	122.8	6.99	72	78.4	TRUE	11282	waste water	Chris	74	280	Digester3
11282.d3.22	AGCACGAGCCTA	YATGCTGCCTCCCGTAGGAGT	UCSDMI	Longitudinal study of four anaerobic digesters	Illumina MiSeq	16S	Illumina	D3-22_S37_L001_R1_001	3571	1112	100	1044	GAZ:United States of America	22	Thursday	TRUE	ENVO:urban biome	Digester3	32.875245	-117.240135	3.1	133.6	7.04	70.8	77.2	TRUE	11282	waste water	Leo	72	264	Digester3
11282.d3.23	AGCACGAGCCTA	YATGCTGCCTCCCGTAGGAGT	UCSDMI	Longitudinal study of four anaerobic digesters	Illumina MiSeq	16S	Illumina	D3-23_S38_L001_R1_001	3571	1025.6	98	927	GAZ:United States of America	23	Friday	TRUE	ENVO:urban biome	Digester3	32.875245	-117.240135	3.44	126	7.04	71.2	78.8	TRUE	11282	waste water	Chris	71	283	Digester3
11282.d3.24	AGCACGAGCCTA	YATGCTGCCTCCCGTAGGAGT	UCSDMI	Longitudinal study of four anaerobic digesters	Illumina MiSeq	16S	Illumina	D3-24_S39_L001_R1_001	3571	Missing: Not collected	Missing: Not collected	1125	GAZ:United States of America	24	Saturday	TRUE	ENVO:urban biome	Digester3	32.875245	-117.240135	Missing: Not collected	Missing: Not collected	Missing: Not collected	Missing: Not collected	Missing: Not collected	TRUE	11282	waste water	Leo	Missing: Not collected	Missing: Not collected	Digester3
11282.d3.25	AGCACGAGCCTA	YATGCTGCCTCCCGTAGGAGT	UCSDMI	Longitudinal study of four anaerobic digesters	Illumina MiSeq	16S	Illumina	D3-25_S40_L001_R1_001	3571	Missing: Not collected	Missing: Not collected	1015	GAZ:United States of America	25	Sunday	TRUE	ENVO:urban biome	Digester3	32.875245	-117.240135	Missing: Not collected	Missing: Not collected	Missing: Not collected	Missing: Not collected	Missing: Not collected	TRUE	11282	waste water	Leo	Missing: Not collected	Missing: Not collected	Digester3
11282.d3.26	AGCACGAGCCTA	YATGCTGCCTCCCGTAGGAGT	UCSDMI	Longitudinal study of four anaerobic digesters	Illumina MiSeq	16S	Illumina	D3-26_S41_L001_R1_001	3571	955.2	100.8	952	GAZ:United States of America	26	Monday	TRUE	ENVO:urban biome	Digester3	32.875245	-117.240135	3.54	104.4	7.01	71.2	78.4	TRUE	11282	waste water	Chris	72	288	Digester3
11282.d3.27	AGCACGAGCCTA	YATGCTGCCTCCCGTAGGAGT	UCSDMI	Longitudinal study of four anaerobic digesters	Illumina MiSeq	16S	Illumina	D3-27_S42_L001_R1_001	3571	1022.4	99.2	1198	GAZ:United States of America	27	Tuesday	TRUE	ENVO:urban biome	Digester3	32.875245	-117.240135	3.44	139.2	6.95	73.6	80.8	TRUE	11282	waste water	Leo	75	280	Digester3
11282.d3.28	AGCACGAGCCTA	YATGCTGCCTCCCGTAGGAGT	UCSDMI	Longitudinal study of four anaerobic digesters	Illumina MiSeq	16S	Illumina	D3-28_S43_L001_R1_001	3571	1126.4	107.2	1007	GAZ:United States of America	28	Wednesday	TRUE	ENVO:urban biome	Digester3	32.875245	-117.240135	3.56	136	6.98	73.2	80.4	TRUE	11282	waste water	Chris	68	296	Digester3
11282.d3.29	AGCACGAGCCTA	YATGCTGCCTCCCGTAGGAGT	UCSDMI	Longitudinal study of four anaerobic digesters	Illumina MiSeq	16S	Illumina	D3-29_S44_L001_R1_001	3571	1115.2	102	1049	GAZ:United States of America	29	Thursday	TRUE	ENVO:urban biome	Digester3	32.875245	-117.240135	3.42	133.6	6.96	72.4	78.4	TRUE	11282	waste water	Leo	78	281	Digester3
11282.d4.1	AGCACGAGCCTA	YATGCTGCCTCCCGTAGGAGT	UCSDMI	Longitudinal study of four anaerobic digesters	Illumina MiSeq	16S	Illumina	D4-1-Re_S5_L001_R1_001	3571	2168	66.8	2178	GAZ:United States of America	1	Thursday	TRUE	ENVO:urban biome	Digester4	32.875245	-117.240135	9.63	165.8	7.03	79.6	132.8	TRUE	11282	waste water	Leo	81	490	Digester4
11282.d4.2	AGCACGAGCCTA	YATGCTGCCTCCCGTAGGAGT	UCSDMI	Longitudinal study of four anaerobic digesters	Illumina MiSeq	16S	Illumina	D4-2_S58_L001_R1_001	3571	602	69.2	11427	GAZ:United States of America	2	Friday	TRUE	ENVO:urban biome	Digester4	32.875245	-117.240135	13	177.6	6.76	105.28	159.2	TRUE	11282	waste water	Chris	75	1368	Digester4
11282.d4.3	AGCACGAGCCTA	YATGCTGCCTCCCGTAGGAGT	UCSDMI	Longitudinal study of four anaerobic digesters	Illumina MiSeq	16S	Illumina	D4-3_S59_L001_R1_001	3571	Missing: Not collected	Missing: Not collected	2143	GAZ:United States of America	3	Saturday	TRUE	ENVO:urban biome	Digester4	32.875245	-117.240135	Missing: Not collected	Missing: Not collected	Missing: Not collected	Missing: Not collected	Missing: Not collected	TRUE	11282	waste water	Leo	Missing: Not collected	Missing: Not collected	Digester4
11282.d4.4	AGCACGAGCCTA	YATGCTGCCTCCCGTAGGAGT	UCSDMI	Longitudinal study of four anaerobic digesters	Illumina MiSeq	16S	Illumina	D4-4-Re_S1_L001_R1_001	3571	Missing: Not collected	Missing: Not collected	2220	GAZ:United States of America	4	Sunday	TRUE	ENVO:urban biome	Digester4	32.875245	-117.240135	Missing: Not collected	Missing: Not collected	Missing: Not collected	Missing: Not collected	Missing: Not collected	TRUE	11282	waste water	Leo	Missing: Not collected	Missing: Not collected	Digester4
11282.d4.5	AGCACGAGCCTA	YATGCTGCCTCCCGTAGGAGT	UCSDMI	Longitudinal study of four anaerobic digesters	Illumina MiSeq	16S	Illumina	D4-5_S61_L001_R1_001	3571	2816	85.2	4308	GAZ:United States of America	5	Monday	TRUE	ENVO:urban biome	Digester4	32.875245	-117.240135	13.38	200	6.83	121.6	155.2	TRUE	11282	waste water	Chris	70	1167	Digester4
11282.d4.6	AGCACGAGCCTA	YATGCTGCCTCCCGTAGGAGT	UCSDMI	Longitudinal study of four anaerobic digesters	Illumina MiSeq	16S	Illumina	D4-6_S62_L001_R1_001	3571	1920	84.8	3265	GAZ:United States of America	6	Tuesday	TRUE	ENVO:urban biome	Digester4	32.875245	-117.240135	12.04	171.2	6.83	49.2	123.6	TRUE	11282	waste water	Leo	89	900	Digester4
11282.d4.7	AGCACGAGCCTA	YATGCTGCCTCCCGTAGGAGT	UCSDMI	Longitudinal study of four anaerobic digesters	Illumina MiSeq	16S	Illumina	D4-7_S63_L001_R1_001	3571	2720	91.6	4573	GAZ:United States of America	7	Wednesday	TRUE	ENVO:urban biome	Digester4	32.875245	-117.240135	13.44	203.2	6.92	129.2	155.6	TRUE	11282	waste water	Chris	70	1131	Digester4
11282.d4.8	AGCACGAGCCTA	YATGCTGCCTCCCGTAGGAGT	UCSDMI	Longitudinal study of four anaerobic digesters	Illumina MiSeq	16S	Illumina	D4-8_S64_L001_R1_001	3571	2544	89.6	4335	GAZ:United States of America	8	Thursday	TRUE	ENVO:urban biome	Digester4	32.875245	-117.240135	3.48	199.6	6.84	124	157.2	TRUE	11282	waste water	Leo	67	906	Digester4
11282.d4.9	AGCACGAGCCTA	YATGCTGCCTCCCGTAGGAGT	UCSDMI	Longitudinal study of four anaerobic digesters	Illumina MiSeq	16S	Illumina	D4-9-Re_S16_L001_R1_001	3571	2656	89.6	3223	GAZ:United States of America	9	Friday	TRUE	ENVO:urban biome	Digester4	32.875245	-117.240135	9.62	160	6.94	103.6	127.6	TRUE	11282	waste water	Chris	68	592	Digester4
11282.d4.10	AGCACGAGCCTA	YATGCTGCCTCCCGTAGGAGT	UCSDMI	Longitudinal study of four anaerobic digesters	Illumina MiSeq	16S	Illumina	D4-10_S66_L001_R1_001	3571	Missing: Not collected	Missing: Not collected	1649	GAZ:United States of America	10	Saturday	TRUE	ENVO:urban biome	Digester4	32.875245	-117.240135	Missing: Not collected	Missing: Not collected	Missing: Not collected	Missing: Not collected	Missing: Not collected	TRUE	11282	waste water	Leo	Missing: Not collected	Missing: Not collected	Digester4
11282.d4.11	AGCACGAGCCTA	YATGCTGCCTCCCGTAGGAGT	UCSDMI	Longitudinal study of four anaerobic digesters	Illumina MiSeq	16S	Illumina	D4-11_S67_L001_R1_001	3571	Missing: Not collected	Missing: Not collected	1225	GAZ:United States of America	11	Sunday	TRUE	ENVO:urban biome	Digester4	32.875245	-117.240135	Missing: Not collected	Missing: Not collected	Missing: Not collected	Missing: Not collected	Missing: Not collected	TRUE	11282	waste water	Leo	Missing: Not collected	Missing: Not collected	Digester4
11282.d4.12	AGCACGAGCCTA	YATGCTGCCTCCCGTAGGAGT	UCSDMI	Longitudinal study of four anaerobic digesters	Illumina MiSeq	16S	Illumina	D4-12_S68_L001_R1_001	3571	2448	93.6	3797	GAZ:United States of America	12	Monday	TRUE	ENVO:urban biome	Digester4	32.875245	-117.240135	11.66	187.6	6.88	115.6	148	TRUE	11282	waste water	Chris	67	772	Digester4
11282.d4.13	AGCACGAGCCTA	YATGCTGCCTCCCGTAGGAGT	UCSDMI	Longitudinal study of four anaerobic digesters	Illumina MiSeq	16S	Illumina	D4-13_S69_L001_R1_001	3571	2064	89.6	2513	GAZ:United States of America	13	Tuesday	TRUE	ENVO:urban biome	Digester4	32.875245	-117.240135	5.72	158	6.85	98.8	116.4	TRUE	11282	waste water	Leo	70	657	Digester4
11282.d4.14	AGCACGAGCCTA	YATGCTGCCTCCCGTAGGAGT	UCSDMI	Longitudinal study of four anaerobic digesters	Illumina MiSeq	16S	Illumina	D4-14_S70_L001_R1_001	3571	2000	94.8	2412	GAZ:United States of America	14	Wednesday	TRUE	ENVO:urban biome	Digester4	32.875245	-117.240135	8	135.6	6.89	96.4	116.4	TRUE	11282	waste water	Chris	66	625	Digester4
11282.d4.15	AGCACGAGCCTA	YATGCTGCCTCCCGTAGGAGT	UCSDMI	Longitudinal study of four anaerobic digesters	Illumina MiSeq	16S	Illumina	D4-15_S71_L001_R1_001	3571	1872	97.2	2362	GAZ:United States of America	15	Thursday	TRUE	ENVO:urban biome	Digester4	32.875245	-117.240135	9.46	154	6.9	95.6	112	TRUE	11282	waste water	Leo	69	597	Digester4
11282.d4.16	AGCACGAGCCTA	YATGCTGCCTCCCGTAGGAGT	UCSDMI	Longitudinal study of four anaerobic digesters	Illumina MiSeq	16S	Illumina	D4-16_S45_L001_R1_001	3571	2000	96.8	2293	GAZ:United States of America	16	Friday	TRUE	ENVO:urban biome	Digester4	32.875245	-117.240135	8.22	157.2	6.9	98.8	115.6	TRUE	11282	waste water	Chris	65	389	Digester4
11282.d4.17	AGCACGAGCCTA	YATGCTGCCTCCCGTAGGAGT	UCSDMI	Longitudinal study of four anaerobic digesters	Illumina MiSeq	16S	Illumina	D4-17_S46_L001_R1_001	3571	Missing: Not collected	Missing: Not collected	2111	GAZ:United States of America	17	Saturday	TRUE	ENVO:urban biome	Digester4	32.875245	-117.240135	Missing: Not collected	Missing: Not collected	Missing: Not collected	Missing: Not collected	Missing: Not collected	TRUE	11282	waste water	Leo	Missing: Not collected	Missing: Not collected	Digester4
11282.d4.18	AGCACGAGCCTA	YATGCTGCCTCCCGTAGGAGT	UCSDMI	Longitudinal study of four anaerobic digesters	Illumina MiSeq	16S	Illumina	D4-18_S47_L001_R1_001	3571	Missing: Not collected	Missing: Not collected	1842	GAZ:United States of America	18	Sunday	TRUE	ENVO:urban biome	Digester4	32.875245	-117.240135	Missing: Not collected	Missing: Not collected	Missing: Not collected	Missing: Not collected	Missing: Not collected	TRUE	11282	waste water	Leo	Missing: Not collected	Missing: Not collected	Digester4
11282.d4.19	AGCACGAGCCTA	YATGCTGCCTCCCGTAGGAGT	UCSDMI	Longitudinal study of four anaerobic digesters	Illumina MiSeq	16S	Illumina	D4-19-Re_S2_L001_R1_001	3571	1728	100	1866	GAZ:United States of America	19	Monday	TRUE	ENVO:urban biome	Digester4	32.875245	-117.240135	6.74	131.2	7.02	90	103.6	TRUE	11282	waste water	Chris	65	515	Digester4
11282.d4.20	AGCACGAGCCTA	YATGCTGCCTCCCGTAGGAGT	UCSDMI	Longitudinal study of four anaerobic digesters	Illumina MiSeq	16S	Illumina	D4-20_S49_L001_R1_001	3571	1808	98	1738	GAZ:United States of America	20	Tuesday	TRUE	ENVO:urban biome	Digester4	32.875245	-117.240135	6.04	140.8	6.85	87.6	96.8	TRUE	11282	waste water	Leo	69	533	Digester4
11282.d4.21	AGCACGAGCCTA	YATGCTGCCTCCCGTAGGAGT	UCSDMI	Longitudinal study of four anaerobic digesters	Illumina MiSeq	16S	Illumina	D4-21_S50_L001_R1_001	3571	1872	98.8	1798	GAZ:United States of America	21	Wednesday	TRUE	ENVO:urban biome	Digester4	32.875245	-117.240135	6.54	139.6	6.99	90.4	104	TRUE	11282	waste water	Chris	67	517	Digester4
11282.d4.22	AGCACGAGCCTA	YATGCTGCCTCCCGTAGGAGT	UCSDMI	Longitudinal study of four anaerobic digesters	Illumina MiSeq	16S	Illumina	D4-22_S51_L001_R1_001	3571	1408	97.6	1761	GAZ:United States of America	22	Thursday	TRUE	ENVO:urban biome	Digester4	32.875245	-117.240135	5.76	153.2	6.97	86	99.2	TRUE	11282	waste water	Leo	66	497	Digester4
11282.d4.23	AGCACGAGCCTA	YATGCTGCCTCCCGTAGGAGT	UCSDMI	Longitudinal study of four anaerobic digesters	Illumina MiSeq	16S	Illumina	D4-23_S52_L001_R1_001	3571	1467.2	100.4	1519	GAZ:United States of America	23	Friday	TRUE	ENVO:urban biome	Digester4	32.875245	-117.240135	5.64	135.6	7.02	82.8	96	TRUE	11282	waste water	Chris	67	472	Digester4
11282.d4.24	AGCACGAGCCTA	YATGCTGCCTCCCGTAGGAGT	UCSDMI	Longitudinal study of four anaerobic digesters	Illumina MiSeq	16S	Illumina	D4-24_S53_L001_R1_001	3571	Missing: Not collected	Missing: Not collected	1541	GAZ:United States of America	24	Saturday	TRUE	ENVO:urban biome	Digester4	32.875245	-117.240135	Missing: Not collected	Missing: Not collected	Missing: Not collected	Missing: Not collected	Missing: Not collected	TRUE	11282	waste water	Leo	Missing: Not collected	Missing: Not collected	Digester4
11282.d4.25	AGCACGAGCCTA	YATGCTGCCTCCCGTAGGAGT	UCSDMI	Longitudinal study of four anaerobic digesters	Illumina MiSeq	16S	Illumina	D4-25_S54_L001_R1_001	3571	Missing: Not collected	Missing: Not collected	1714	GAZ:United States of America	25	Sunday	TRUE	ENVO:urban biome	Digester4	32.875245	-117.240135	Missing: Not collected	Missing: Not collected	Missing: Not collected	Missing: Not collected	Missing: Not collected	TRUE	11282	waste water	Leo	Missing: Not collected	Missing: Not collected	Digester4
11282.d4.26	AGCACGAGCCTA	YATGCTGCCTCCCGTAGGAGT	UCSDMI	Longitudinal study of four anaerobic digesters	Illumina MiSeq	16S	Illumina	D4-26_S55_L001_R1_001	3571	596.8	100	1582	GAZ:United States of America	26	Monday	TRUE	ENVO:urban biome	Digester4	32.875245	-117.240135	6.16	139.2	6.99	84	94.8	TRUE	11282	waste water	Chris	71	472	Digester4
11282.d4.27	AGCACGAGCCTA	YATGCTGCCTCCCGTAGGAGT	UCSDMI	Longitudinal study of four anaerobic digesters	Illumina MiSeq	16S	Illumina	D4-27_S56_L001_R1_001	3571	1348.8	98	1623	GAZ:United States of America	27	Tuesday	TRUE	ENVO:urban biome	Digester4	32.875245	-117.240135	5.52	141.6	6.88	83.6	94	TRUE	11282	waste water	Leo	68	400	Digester4
11282.d4.28	AGCACGAGCCTA	YATGCTGCCTCCCGTAGGAGT	UCSDMI	Longitudinal study of four anaerobic digesters	Illumina MiSeq	16S	Illumina	D4-28_S57_L001_R1_001	3571	1385.6	101.6	1529	GAZ:United States of America	28	Wednesday	TRUE	ENVO:urban biome	Digester4	32.875245	-117.240135	5.56	141.2	6.96	84.8	92	TRUE	11282	waste water	Chris	67	455	Digester4
11282.d4.29	AGCACGAGCCTA	YATGCTGCCTCCCGTAGGAGT	UCSDMI	Longitudinal study of four anaerobic digesters	Illumina MiSeq	16S	Illumina	D4-29_S58_L001_R1_001	3571	1648	102	1917	GAZ:United States of America	29	Thursday	TRUE	ENVO:urban biome	Digester4	32.875245	-117.240135	6.04	149.6	6.9	87.2	98.4	TRUE	11282	waste water	Leo	68	494	Digester4
11282.d0	AGCACGAGCCTA	YATGCTGCCTCCCGTAGGAGT	UCSDMI	Longitudinal study of four anaerobic digesters	Illumina MiSeq	16S	Illumina	D0_S15_L001_R1_001	3571	Missing: Not collected	Missing: Not collected	Missing: Not collected	GAZ:United States of America	0	Wednesday	TRUE	ENVO:urban biome	Sample before spike	32.875245	-117.240135	Missing: Not collected	Missing: Not collected	Missing: Not collected	Missing: Not collected	Missing: Not collected	TRUE	11282	waste water	Chris	Missing: Not collected	Missing: Not collected	Water sample before it was placed in any of the digesters
