#SampleID	BarcodeSequence	LinkerPrimerSequence	center_name	experiment_design_description	instrument_model	library_construction_protocol	platform	run_prefix	qiita_prep_id	alkalinity	ammonian	cod	country	day	dayweek	dna_extracted	env_biome	host_subject_id	latitutde	longitude	nitraten	nitrogent	ph	phosphorousr	phosphoroust	physical_specimen_remaining	qiita_study_id	sample_type	sampler	tss_vss	volatile_fatty_acids	Description	observed_otus	shannon	faith_pd
11282.d0.spike	AGCACGAGCCTA	YATGCTGCCTCCCGTAGGAGT	UCSDMI	Longitudinal study of four anaerobic digesters	Illumina MiSeq	16S	Illumina	D0-Spike-Re_S9_L001_R1_001	3571.0	Missing: Not collected	Missing: Not collected	Missing: Not collected	GAZ:United States of America	0.0	Wednesday	TRUE	ENVO:urban biome	DigesterAll	32.875245	-117.24013500000001	Missing: Not collected	Missing: Not collected	Missing: Not collected	Missing: Not collected	Missing: Not collected	TRUE	11282.0	waste water	Chris	Missing: Not collected	Missing: Not collected	Water sample before it was placed in any of the digesters and after it had been spiked with a known concentration of Acinetobacter baylyi and Acinetobacter calcoaceticus	1942	8.583990001147884	152.88301565706698
11282.d1.1	AGCACGAGCCTA	YATGCTGCCTCCCGTAGGAGT	UCSDMI	Longitudinal study of four anaerobic digesters	Illumina MiSeq	16S	Illumina	D1-1-Re_S7_L001_R1_001	3571.0	1524	66.4	1339	GAZ:United States of America	1.0	Thursday	TRUE	ENVO:urban biome	Digester1	32.875245	-117.24013500000001	5.15	112.2	6.98	67.4	100.4	TRUE	11282.0	waste water	Leo	78	358	Digester1	2500	9.33009040375201	211.22376472831897
11282.d1.2	AGCACGAGCCTA	YATGCTGCCTCCCGTAGGAGT	UCSDMI	Longitudinal study of four anaerobic digesters	Illumina MiSeq	16S	Illumina	D1-2-Re_S17_L001_R1_001	3571.0	376	70	3020	GAZ:United States of America	2.0	Friday	TRUE	ENVO:urban biome	Digester1	32.875245	-117.24013500000001	9.78	224.8	6.73	136.32	225.6	TRUE	11282.0	waste water	Chris	75	1353	Digester1	2151	8.991016930114789	189.39029770598495
11282.d1.3	AGCACGAGCCTA	YATGCTGCCTCCCGTAGGAGT	UCSDMI	Longitudinal study of four anaerobic digesters	Illumina MiSeq	16S	Illumina	D1-3_S14_L001_R1_001	3571.0	Missing: Not collected	Missing: Not collected	2377	GAZ:United States of America	3.0	Saturday	TRUE	ENVO:urban biome	Digester1	32.875245	-117.24013500000001	Missing: Not collected	Missing: Not collected	Missing: Not collected	Missing: Not collected	Missing: Not collected	TRUE	11282.0	waste water	Leo	Missing: Not collected	Missing: Not collected	Digester1	2502	9.279641084353884	239.86216071928902
11282.d1.4	AGCACGAGCCTA	YATGCTGCCTCCCGTAGGAGT	UCSDMI	Longitudinal study of four anaerobic digesters	Illumina MiSeq	16S	Illumina	D1-4-Re_S4_L001_R1_001	3571.0	Missing: Not collected	Missing: Not collected	2576	GAZ:United States of America	4.0	Sunday	TRUE	ENVO:urban biome	Digester1	32.875245	-117.24013500000001	Missing: Not collected	Missing: Not collected	Missing: Not collected	Missing: Not collected	Missing: Not collected	TRUE	11282.0	waste water	Leo	Missing: Not collected	Missing: Not collected	Digester1	2110	9.17801872207328	198.764156401488
11282.d1.5	AGCACGAGCCTA	YATGCTGCCTCCCGTAGGAGT	UCSDMI	Longitudinal study of four anaerobic digesters	Illumina MiSeq	16S	Illumina	D1-5_S16_L001_R1_001	3571.0	2112	86	3360	GAZ:United States of America	5.0	Monday	TRUE	ENVO:urban biome	Digester1	32.875245	-117.24013500000001	8.9	163.2	6.72	98	126	TRUE	11282.0	waste water	Chris	72	926	Digester1	2728	9.59707184522872	260.735038978762
11282.d1.6	AGCACGAGCCTA	YATGCTGCCTCCCGTAGGAGT	UCSDMI	Longitudinal study of four anaerobic digesters	Illumina MiSeq	16S	Illumina	D1-6_S17_L001_R1_001	3571.0	2064	85.2	3845	GAZ:United States of America	6.0	Tuesday	TRUE	ENVO:urban biome	Digester1	32.875245	-117.24013500000001	9.32	180.8	6.76	50.4	114.4	TRUE	11282.0	waste water	Leo	75	907	Digester1	2492	9.679295499739073	239.016481414784
11282.d1.7	AGCACGAGCCTA	YATGCTGCCTCCCGTAGGAGT	UCSDMI	Longitudinal study of four anaerobic digesters	Illumina MiSeq	16S	Illumina	D1-7-Re_S8_L001_R1_001	3571.0	2192	90.8	3153	GAZ:United States of America	7.0	Wednesday	TRUE	ENVO:urban biome	Digester1	32.875245	-117.24013500000001	8.58	169.2	6.89	102.8	122	TRUE	11282.0	waste water	Chris	71	798	Digester1	2822	9.871183295717977	270.2282566622599
11282.d1.8	AGCACGAGCCTA	YATGCTGCCTCCCGTAGGAGT	UCSDMI	Longitudinal study of four anaerobic digesters	Illumina MiSeq	16S	Illumina	D1-8_S19_L001_R1_001	3571.0	1936	94	3258	GAZ:United States of America	8.0	Thursday	TRUE	ENVO:urban biome	Digester1	32.875245	-117.24013500000001	3.38	177.6	6.81	102	130.8	TRUE	11282.0	waste water	Leo	69	778	Digester1	2687	9.704033859178779	269.877844805488
11282.d1.9	AGCACGAGCCTA	YATGCTGCCTCCCGTAGGAGT	UCSDMI	Longitudinal study of four anaerobic digesters	Illumina MiSeq	16S	Illumina	D1-9_S20_L001_R1_001	3571.0	2416	93.6	3266	GAZ:United States of America	9.0	Friday	TRUE	ENVO:urban biome	Digester1	32.875245	-117.24013500000001	9.62	169.2	6.98	112.8	128.8	TRUE	11282.0	waste water	Chris	68	701	Digester1	2652	9.594158778421034	257.2248881002349
11282.d1.10	AGCACGAGCCTA	YATGCTGCCTCCCGTAGGAGT	UCSDMI	Longitudinal study of four anaerobic digesters	Illumina MiSeq	16S	Illumina	D1-10_S21_L001_R1_001	3571.0	Missing: Not collected	Missing: Not collected	2103	GAZ:United States of America	10.0	Saturday	TRUE	ENVO:urban biome	Digester1	32.875245	-117.24013500000001	Missing: Not collected	Missing: Not collected	Missing: Not collected	Missing: Not collected	Missing: Not collected	TRUE	11282.0	waste water	Leo	Missing: Not collected	Missing: Not collected	Digester1	2753	9.578726557069992	274.8923858585949
11282.d1.11	AGCACGAGCCTA	YATGCTGCCTCCCGTAGGAGT	UCSDMI	Longitudinal study of four anaerobic digesters	Illumina MiSeq	16S	Illumina	D1-11_S22_L001_R1_001	3571.0	Missing: Not collected	Missing: Not collected	1278	GAZ:United States of America	11.0	Sunday	TRUE	ENVO:urban biome	Digester1	32.875245	-117.24013500000001	Missing: Not collected	Missing: Not collected	Missing: Not collected	Missing: Not collected	Missing: Not collected	TRUE	11282.0	waste water	Leo	Missing: Not collected	Missing: Not collected	Digester1	2575	9.539985149594935	259.7135137431311
11282.d1.12	AGCACGAGCCTA	YATGCTGCCTCCCGTAGGAGT	UCSDMI	Longitudinal study of four anaerobic digesters	Illumina MiSeq	16S	Illumina	D1-12_S23_L001_R1_001	3571.0	1776	96	2298	GAZ:United States of America	12.0	Monday	TRUE	ENVO:urban biome	Digester1	32.875245	-117.24013500000001	7.18	151.6	6.83	102	109.2	TRUE	11282.0	waste water	Chris	69	570	Digester1	2240	9.388094743802503	232.10087910017498
11282.d1.13	AGCACGAGCCTA	YATGCTGCCTCCCGTAGGAGT	UCSDMI	Longitudinal study of four anaerobic digesters	Illumina MiSeq	16S	Illumina	D1-13_S24_L001_R1_001	3571.0	2000	94	2084	GAZ:United States of America	13.0	Tuesday	TRUE	ENVO:urban biome	Digester1	32.875245	-117.24013500000001	7.36	195.2	6.84	90	102.8	TRUE	11282.0	waste water	Leo	69	539	Digester1	2573	9.441619133024323	261.9256058631229
11282.d1.14	AGCACGAGCCTA	YATGCTGCCTCCCGTAGGAGT	UCSDMI	Longitudinal study of four anaerobic digesters	Illumina MiSeq	16S	Illumina	D1-14_S25_L001_R1_001	3571.0	1808	98.4	2547	GAZ:United States of America	14.0	Wednesday	TRUE	ENVO:urban biome	Digester1	32.875245	-117.24013500000001	6.84	140	6.9	92.4	108	TRUE	11282.0	waste water	Chris	68	553	Digester1	2640	9.434944347104981	269.026572022046
11282.d1.15	AGCACGAGCCTA	YATGCTGCCTCCCGTAGGAGT	UCSDMI	Longitudinal study of four anaerobic digesters	Illumina MiSeq	16S	Illumina	D1-15_S26_L001_R1_001	3571.0	1744	95.6	2234	GAZ:United States of America	15.0	Thursday	TRUE	ENVO:urban biome	Digester1	32.875245	-117.24013500000001	9.26	162.4	6.96	92.4	112.8	TRUE	11282.0	waste water	Leo	68	560	Digester1	2072	9.203828475124922	215.75644587382
11282.d1.16	AGCACGAGCCTA	YATGCTGCCTCCCGTAGGAGT	UCSDMI	Longitudinal study of four anaerobic digesters	Illumina MiSeq	16S	Illumina	D1-16-Re_S12_L001_R1_001	3571.0	1524.8	99.2	1877	GAZ:United States of America	16.0	Friday	TRUE	ENVO:urban biome	Digester1	32.875245	-117.24013500000001	6.1	145.6	6.88	91.6	104	TRUE	11282.0	waste water	Chris	62	531	Digester1	2119	9.341493784516414	223.12200042277604
11282.d1.17	AGCACGAGCCTA	YATGCTGCCTCCCGTAGGAGT	UCSDMI	Longitudinal study of four anaerobic digesters	Illumina MiSeq	16S	Illumina	D1-17-Re_S19_L001_R1_001	3571.0	Missing: Not collected	Missing: Not collected	1966	GAZ:United States of America	17.0	Saturday	TRUE	ENVO:urban biome	Digester1	32.875245	-117.24013500000001	Missing: Not collected	Missing: Not collected	Missing: Not collected	Missing: Not collected	Missing: Not collected	TRUE	11282.0	waste water	Leo	Missing: Not collected	Missing: Not collected	Digester1	1958	9.17110545437098	207.173852724476
11282.d1.18	AGCACGAGCCTA	YATGCTGCCTCCCGTAGGAGT	UCSDMI	Longitudinal study of four anaerobic digesters	Illumina MiSeq	16S	Illumina	D1-18_S3_L001_R1_001	3571.0	Missing: Not collected	Missing: Not collected	1996	GAZ:United States of America	18.0	Sunday	TRUE	ENVO:urban biome	Digester1	32.875245	-117.24013500000001	Missing: Not collected	Missing: Not collected	Missing: Not collected	Missing: Not collected	Missing: Not collected	TRUE	11282.0	waste water	Leo	Missing: Not collected	Missing: Not collected	Digester1	2386	9.379354492260317	247.03122992715598
11282.d1.19	AGCACGAGCCTA	YATGCTGCCTCCCGTAGGAGT	UCSDMI	Longitudinal study of four anaerobic digesters	Illumina MiSeq	16S	Illumina	D1-19-Re_S3_L001_R1_001	3571.0	1486.4	101.2	1656	GAZ:United States of America	19.0	Monday	TRUE	ENVO:urban biome	Digester1	32.875245	-117.24013500000001	5.5	124.8	6.97	81.6	93.2	TRUE	11282.0	waste water	Chris	64	454	Digester1	2553	9.411445597606127	263.191190457916
11282.d1.20	AGCACGAGCCTA	YATGCTGCCTCCCGTAGGAGT	UCSDMI	Longitudinal study of four anaerobic digesters	Illumina MiSeq	16S	Illumina	D1-20_S5_L001_R1_001	3571.0	1888	100	1534	GAZ:United States of America	20.0	Tuesday	TRUE	ENVO:urban biome	Digester1	32.875245	-117.24013500000001	5.4	142	6.93	82	91.6	TRUE	11282.0	waste water	Leo	65	474	Digester1	2457	9.314828844618392	251.31255830936604
11282.d1.21	AGCACGAGCCTA	YATGCTGCCTCCCGTAGGAGT	UCSDMI	Longitudinal study of four anaerobic digesters	Illumina MiSeq	16S	Illumina	D1-21-Re_S11_L001_R1_001	3571.0	1302.4	100.4	1668	GAZ:United States of America	21.0	Wednesday	TRUE	ENVO:urban biome	Digester1	32.875245	-117.24013500000001	5.6	138.4	6.98	88	97.6	TRUE	11282.0	waste water	Chris	68	476	Digester1	2016	9.238185431333259	215.016057108176
11282.d1.22	AGCACGAGCCTA	YATGCTGCCTCCCGTAGGAGT	UCSDMI	Longitudinal study of four anaerobic digesters	Illumina MiSeq	16S	Illumina	D1-22-Re_S18_L001_R1_001	3571.0	1371.2	103.2	1497	GAZ:United States of America	22.0	Thursday	TRUE	ENVO:urban biome	Digester1	32.875245	-117.24013500000001	5.04	134.4	6.99	82	90.8	TRUE	11282.0	waste water	Leo	69	445	Digester1	1948	9.196612812100083	205.7196324971561
11282.d1.23	AGCACGAGCCTA	YATGCTGCCTCCCGTAGGAGT	UCSDMI	Longitudinal study of four anaerobic digesters	Illumina MiSeq	16S	Illumina	D1-23_S8_L001_R1_001	3571.0	1384	110.4	1464	GAZ:United States of America	23.0	Friday	TRUE	ENVO:urban biome	Digester1	32.875245	-117.24013500000001	5.56	132.8	7.02	81.2	89.6	TRUE	11282.0	waste water	Chris	69	468	Digester1	2350	9.260934070962136	253.712977227496
11282.d1.24	AGCACGAGCCTA	YATGCTGCCTCCCGTAGGAGT	UCSDMI	Longitudinal study of four anaerobic digesters	Illumina MiSeq	16S	Illumina	D1-24_S9_L001_R1_001	3571.0	Missing: Not collected	Missing: Not collected	1524	GAZ:United States of America	24.0	Saturday	TRUE	ENVO:urban biome	Digester1	32.875245	-117.24013500000001	Missing: Not collected	Missing: Not collected	Missing: Not collected	Missing: Not collected	Missing: Not collected	TRUE	11282.0	waste water	Leo	Missing: Not collected	Missing: Not collected	Digester1	2105	9.110325362452759	221.50162168996602
11282.d1.25	AGCACGAGCCTA	YATGCTGCCTCCCGTAGGAGT	UCSDMI	Longitudinal study of four anaerobic digesters	Illumina MiSeq	16S	Illumina	D1-25_S10_L001_R1_001	3571.0	Missing: Not collected	Missing: Not collected	1610	GAZ:United States of America	25.0	Sunday	TRUE	ENVO:urban biome	Digester1	32.875245	-117.24013500000001	Missing: Not collected	Missing: Not collected	Missing: Not collected	Missing: Not collected	Missing: Not collected	TRUE	11282.0	waste water	Leo	Missing: Not collected	Missing: Not collected	Digester1	2171	9.251438728635259	228.974802894226
11282.d1.26	AGCACGAGCCTA	YATGCTGCCTCCCGTAGGAGT	UCSDMI	Longitudinal study of four anaerobic digesters	Illumina MiSeq	16S	Illumina	D1-26_S11_L001_R1_001	3571.0	1288	105.6	1492	GAZ:United States of America	26.0	Monday	TRUE	ENVO:urban biome	Digester1	32.875245	-117.24013500000001	5.6	126.4	6.97	82.8	92	TRUE	11282.0	waste water	Chris	72	458	Digester1	2039	9.081226499454397	216.48548107749906
11282.d1.27	AGCACGAGCCTA	YATGCTGCCTCCCGTAGGAGT	UCSDMI	Longitudinal study of four anaerobic digesters	Illumina MiSeq	16S	Illumina	D1-27_S12_L001_R1_001	3571.0	1115.2	102.8	1388	GAZ:United States of America	27.0	Tuesday	TRUE	ENVO:urban biome	Digester1	32.875245	-117.24013500000001	4.7	141.2	6.92	78.4	87.2	TRUE	11282.0	waste water	Leo	71	382	Digester1	2048	9.102820144094084	219.088272696399
11282.d1.28	AGCACGAGCCTA	YATGCTGCCTCCCGTAGGAGT	UCSDMI	Longitudinal study of four anaerobic digesters	Illumina MiSeq	16S	Illumina	D1-28_S13_L001_R1_001	3571.0	1312	104.4	1378	GAZ:United States of America	28.0	Wednesday	TRUE	ENVO:urban biome	Digester1	32.875245	-117.24013500000001	5.22	143.2	6.97	79.2	90	TRUE	11282.0	waste water	Chris	69	438	Digester1	1712	8.874506997853457	187.692556074913
11282.d1.29	AGCACGAGCCTA	YATGCTGCCTCCCGTAGGAGT	UCSDMI	Longitudinal study of four anaerobic digesters	Illumina MiSeq	16S	Illumina	D1-29_S14_L001_R1_001	3571.0	1433.6	106.4	1540	GAZ:United States of America	29.0	Thursday	TRUE	ENVO:urban biome	Digester1	32.875245	-117.24013500000001	5.32	158	6.94	80.4	90	TRUE	11282.0	waste water	Leo	63	438	Digester1	2001	9.02686499425086	214.88382151650598
11282.d2.1	AGCACGAGCCTA	YATGCTGCCTCCCGTAGGAGT	UCSDMI	Longitudinal study of four anaerobic digesters	Illumina MiSeq	16S	Illumina	D2-1_S27_L001_R1_001	3571.0	1592	64.4	2147	GAZ:United States of America	1.0	Thursday	TRUE	ENVO:urban biome	Digester2	32.875245	-117.24013500000001	9.52	136.6	7.02	73.4	103.6	TRUE	11282.0	waste water	Leo	76	343	Digester2	2310	8.865870082772814	219.52708163120198
11282.d2.2	AGCACGAGCCTA	YATGCTGCCTCCCGTAGGAGT	UCSDMI	Longitudinal study of four anaerobic digesters	Illumina MiSeq	16S	Illumina	D2-2_S28_L001_R1_001	3571.0	546	73.2	7181	GAZ:United States of America	2.0	Friday	TRUE	ENVO:urban biome	Digester2	32.875245	-117.24013500000001	11.7	161.6	6.76	107.36	154.08	TRUE	11282.0	waste water	Chris	74	2215	Digester2	2520	9.15552399136891	237.9732270473421
11282.d2.3	AGCACGAGCCTA	YATGCTGCCTCCCGTAGGAGT	UCSDMI	Longitudinal study of four anaerobic digesters	Illumina MiSeq	16S	Illumina	D2-3_S29_L001_R1_001	3571.0	Missing: Not collected	Missing: Not collected	2100	GAZ:United States of America	3.0	Saturday	TRUE	ENVO:urban biome	Digester2	32.875245	-117.24013500000001	Missing: Not collected	Missing: Not collected	Missing: Not collected	Missing: Not collected	Missing: Not collected	TRUE	11282.0	waste water	Leo	Missing: Not collected	Missing: Not collected	Digester2	2257	8.978177262172927	222.5358387537989
11282.d2.4	AGCACGAGCCTA	YATGCTGCCTCCCGTAGGAGT	UCSDMI	Longitudinal study of four anaerobic digesters	Illumina MiSeq	16S	Illumina	D2-4_S30_L001_R1_001	3571.0	Missing: Not collected	Missing: Not collected	2088	GAZ:United States of America	4.0	Sunday	TRUE	ENVO:urban biome	Digester2	32.875245	-117.24013500000001	Missing: Not collected	Missing: Not collected	Missing: Not collected	Missing: Not collected	Missing: Not collected	TRUE	11282.0	waste water	Leo	Missing: Not collected	Missing: Not collected	Digester2	2708	9.072475512863381	262.89105482782213
11282.d2.5	AGCACGAGCCTA	YATGCTGCCTCCCGTAGGAGT	UCSDMI	Longitudinal study of four anaerobic digesters	Illumina MiSeq	16S	Illumina	D2-5_S31_L001_R1_001	3571.0	2768	86.8	4320	GAZ:United States of America	5.0	Monday	TRUE	ENVO:urban biome	Digester2	32.875245	-117.24013500000001	12.82	193.6	6.88	123.6	161.2	TRUE	11282.0	waste water	Chris	68	1233	Digester2	2635	9.615832647431363	258.34181570018296
11282.d2.6	AGCACGAGCCTA	YATGCTGCCTCCCGTAGGAGT	UCSDMI	Longitudinal study of four anaerobic digesters	Illumina MiSeq	16S	Illumina	D2-6_S32_L001_R1_001	3571.0	1792	87.2	4104	GAZ:United States of America	6.0	Tuesday	TRUE	ENVO:urban biome	Digester2	32.875245	-117.24013500000001	11.4	159.2	6.88	47.6	128.4	TRUE	11282.0	waste water	Leo	54	942	Digester2	2630	9.729354590655273	257.71774246881205
11282.d2.7	AGCACGAGCCTA	YATGCTGCCTCCCGTAGGAGT	UCSDMI	Longitudinal study of four anaerobic digesters	Illumina MiSeq	16S	Illumina	D2-7_S33_L001_R1_001	3571.0	2192	91.6	3313	GAZ:United States of America	7.0	Wednesday	TRUE	ENVO:urban biome	Digester2	32.875245	-117.24013500000001	9.32	172.4	7.03	123.2	137.2	TRUE	11282.0	waste water	Chris	69	894	Digester2	2627	9.499429989655738	268.178575630878
11282.d2.8	AGCACGAGCCTA	YATGCTGCCTCCCGTAGGAGT	UCSDMI	Longitudinal study of four anaerobic digesters	Illumina MiSeq	16S	Illumina	D2-8_S34_L001_R1_001	3571.0	2352	94	4076	GAZ:United States of America	8.0	Thursday	TRUE	ENVO:urban biome	Digester2	32.875245	-117.24013500000001	3.58	200.4	6.98	39.2	152.4	TRUE	11282.0	waste water	Leo	68	906	Digester2	2717	9.657386821731018	265.603579277978
11282.d2.9	AGCACGAGCCTA	YATGCTGCCTCCCGTAGGAGT	UCSDMI	Longitudinal study of four anaerobic digesters	Illumina MiSeq	16S	Illumina	D2-9_S35_L001_R1_001	3571.0	3024	92	3585	GAZ:United States of America	9.0	Friday	TRUE	ENVO:urban biome	Digester2	32.875245	-117.24013500000001	10.46	162.8	7.09	113.2	139.2	TRUE	11282.0	waste water	Chris	68	762	Digester2	2780	9.752917029316556	262.289371311738
11282.d2.10	AGCACGAGCCTA	YATGCTGCCTCCCGTAGGAGT	UCSDMI	Longitudinal study of four anaerobic digesters	Illumina MiSeq	16S	Illumina	D2-10_S36_L001_R1_001	3571.0	Missing: Not collected	Missing: Not collected	1736	GAZ:United States of America	10.0	Saturday	TRUE	ENVO:urban biome	Digester2	32.875245	-117.24013500000001	Missing: Not collected	Missing: Not collected	Missing: Not collected	Missing: Not collected	Missing: Not collected	TRUE	11282.0	waste water	Leo	Missing: Not collected	Missing: Not collected	Digester2	2638	9.572945711241447	264.89966228995206
11282.d2.11	AGCACGAGCCTA	YATGCTGCCTCCCGTAGGAGT	UCSDMI	Longitudinal study of four anaerobic digesters	Illumina MiSeq	16S	Illumina	D2-11-Re_S15_L001_R1_001	3571.0	Missing: Not collected	Missing: Not collected	1147	GAZ:United States of America	11.0	Sunday	TRUE	ENVO:urban biome	Digester2	32.875245	-117.24013500000001	Missing: Not collected	Missing: Not collected	Missing: Not collected	Missing: Not collected	Missing: Not collected	TRUE	11282.0	waste water	Leo	Missing: Not collected	Missing: Not collected	Digester2	2839	9.885617370771797	280.092440727152
11282.d2.12	AGCACGAGCCTA	YATGCTGCCTCCCGTAGGAGT	UCSDMI	Longitudinal study of four anaerobic digesters	Illumina MiSeq	16S	Illumina	D2-12_S38_L001_R1_001	3571.0	2400	94.8	3592	GAZ:United States of America	12.0	Monday	TRUE	ENVO:urban biome	Digester2	32.875245	-117.24013500000001	11.38	184	7.05	116.8	143.6	TRUE	11282.0	waste water	Chris	67	732	Digester2	2554	9.515742649246944	260.176206454242
11282.d2.13	AGCACGAGCCTA	YATGCTGCCTCCCGTAGGAGT	UCSDMI	Longitudinal study of four anaerobic digesters	Illumina MiSeq	16S	Illumina	D2-13_S39_L001_R1_001	3571.0	2352	92	3262	GAZ:United States of America	13.0	Tuesday	TRUE	ENVO:urban biome	Digester2	32.875245	-117.24013500000001	8.18	188.4	7.1	113.2	136	TRUE	11282.0	waste water	Leo	68	748	Digester2	2197	9.346814054112995	224.769877917232
11282.d2.14	AGCACGAGCCTA	YATGCTGCCTCCCGTAGGAGT	UCSDMI	Longitudinal study of four anaerobic digesters	Illumina MiSeq	16S	Illumina	D2-14_S40_L001_R1_001	3571.0	2320	96.8	3784	GAZ:United States of America	14.0	Wednesday	TRUE	ENVO:urban biome	Digester2	32.875245	-117.24013500000001	10.34	160	7.09	117.2	143.2	TRUE	11282.0	waste water	Chris	67	701	Digester2	2428	9.42130608866794	251.99407253274205
11282.d2.15	AGCACGAGCCTA	YATGCTGCCTCCCGTAGGAGT	UCSDMI	Longitudinal study of four anaerobic digesters	Illumina MiSeq	16S	Illumina	D2-15-Re_S14_L001_R1_001	3571.0	2400	96	3542	GAZ:United States of America	15.0	Thursday	TRUE	ENVO:urban biome	Digester2	32.875245	-117.24013500000001	13.88	188	7.14	120.4	143.6	TRUE	11282.0	waste water	Leo	67	776	Digester2	2650	9.684471896824824	259.677899408246
11282.d2.16	AGCACGAGCCTA	YATGCTGCCTCCCGTAGGAGT	UCSDMI	Longitudinal study of four anaerobic digesters	Illumina MiSeq	16S	Illumina	D2-16_S17_L001_R1_001	3571.0	2816	100	3820	GAZ:United States of America	16.0	Friday	TRUE	ENVO:urban biome	Digester2	32.875245	-117.24013500000001	12.44	200	7.13	132	157.6	TRUE	11282.0	waste water	Chris	66	1005	Digester2	2394	9.412036219299491	249.4485820635941
11282.d2.17	AGCACGAGCCTA	YATGCTGCCTCCCGTAGGAGT	UCSDMI	Longitudinal study of four anaerobic digesters	Illumina MiSeq	16S	Illumina	D2-17_S18_L001_R1_001	3571.0	Missing: Not collected	Missing: Not collected	3770	GAZ:United States of America	17.0	Saturday	TRUE	ENVO:urban biome	Digester2	32.875245	-117.24013500000001	Missing: Not collected	Missing: Not collected	Missing: Not collected	Missing: Not collected	Missing: Not collected	TRUE	11282.0	waste water	Leo	Missing: Not collected	Missing: Not collected	Digester2	2278	9.331896405857655	238.832568430516
11282.d2.18	AGCACGAGCCTA	YATGCTGCCTCCCGTAGGAGT	UCSDMI	Longitudinal study of four anaerobic digesters	Illumina MiSeq	16S	Illumina	D2-18_S19_L001_R1_001	3571.0	Missing: Not collected	Missing: Not collected	1672	GAZ:United States of America	18.0	Sunday	TRUE	ENVO:urban biome	Digester2	32.875245	-117.24013500000001	Missing: Not collected	Missing: Not collected	Missing: Not collected	Missing: Not collected	Missing: Not collected	TRUE	11282.0	waste water	Leo	Missing: Not collected	Missing: Not collected	Digester2	2576	9.420632358263498	266.62396380322195
11282.d2.19	AGCACGAGCCTA	YATGCTGCCTCCCGTAGGAGT	UCSDMI	Longitudinal study of four anaerobic digesters	Illumina MiSeq	16S	Illumina	D2-19_S20_L001_R1_001	3571.0	2224	98.8	3148	GAZ:United States of America	19.0	Monday	TRUE	ENVO:urban biome	Digester2	32.875245	-117.24013500000001	10.68	154	7.14	118.4	135.6	TRUE	11282.0	waste water	Chris	65	749	Digester2	2192	9.218986094143744	230.2483812394539
11282.d2.20	AGCACGAGCCTA	YATGCTGCCTCCCGTAGGAGT	UCSDMI	Longitudinal study of four anaerobic digesters	Illumina MiSeq	16S	Illumina	D2-20_S21_L001_R1_001	3571.0	2368	99.2	3227	GAZ:United States of America	20.0	Tuesday	TRUE	ENVO:urban biome	Digester2	32.875245	-117.24013500000001	11.14	185.6	7.19	117.2	136.8	TRUE	11282.0	waste water	Leo	64	809	Digester2	2469	9.404521626175024	255.92883646330608
11282.d2.21	AGCACGAGCCTA	YATGCTGCCTCCCGTAGGAGT	UCSDMI	Longitudinal study of four anaerobic digesters	Illumina MiSeq	16S	Illumina	D2-21_S22_L001_R1_001	3571.0	644	100.8	3353	GAZ:United States of America	21.0	Wednesday	TRUE	ENVO:urban biome	Digester2	32.875245	-117.24013500000001	12.38	184.4	7.18	123.2	146	TRUE	11282.0	waste water	Chris	66	833	Digester2	2172	9.223786130865404	226.26293360553302
11282.d2.22	AGCACGAGCCTA	YATGCTGCCTCCCGTAGGAGT	UCSDMI	Longitudinal study of four anaerobic digesters	Illumina MiSeq	16S	Illumina	D2-22_S23_L001_R1_001	3571.0	2176	100.4	3172	GAZ:United States of America	22.0	Thursday	TRUE	ENVO:urban biome	Digester2	32.875245	-117.24013500000001	10.68	172	7.23	117.2	137.6	TRUE	11282.0	waste water	Leo	67	800	Digester2	2155	9.243362871499604	223.022399959342
11282.d2.23	AGCACGAGCCTA	YATGCTGCCTCCCGTAGGAGT	UCSDMI	Longitudinal study of four anaerobic digesters	Illumina MiSeq	16S	Illumina	D2-23_S24_L001_R1_001	3571.0	1984	99.2	2869	GAZ:United States of America	23.0	Friday	TRUE	ENVO:urban biome	Digester2	32.875245	-117.24013500000001	10.2	184.8	7.28	109.2	130	TRUE	11282.0	waste water	Chris	68	811	Digester2	2188	9.21674245091631	234.839327781042
11282.d2.24	AGCACGAGCCTA	YATGCTGCCTCCCGTAGGAGT	UCSDMI	Longitudinal study of four anaerobic digesters	Illumina MiSeq	16S	Illumina	D2-24_S25_L001_R1_001	3571.0	Missing: Not collected	Missing: Not collected	2716	GAZ:United States of America	24.0	Saturday	TRUE	ENVO:urban biome	Digester2	32.875245	-117.24013500000001	Missing: Not collected	Missing: Not collected	Missing: Not collected	Missing: Not collected	Missing: Not collected	TRUE	11282.0	waste water	Leo	Missing: Not collected	Missing: Not collected	Digester2	2349	9.281956410801923	243.26620016964
11282.d2.25	AGCACGAGCCTA	YATGCTGCCTCCCGTAGGAGT	UCSDMI	Longitudinal study of four anaerobic digesters	Illumina MiSeq	16S	Illumina	D2-25_S26_L001_R1_001	3571.0	Missing: Not collected	Missing: Not collected	2947	GAZ:United States of America	25.0	Sunday	TRUE	ENVO:urban biome	Digester2	32.875245	-117.24013500000001	Missing: Not collected	Missing: Not collected	Missing: Not collected	Missing: Not collected	Missing: Not collected	TRUE	11282.0	waste water	Leo	Missing: Not collected	Missing: Not collected	Digester2	2363	9.375621777448828	240.15911723534595
11282.d2.26	AGCACGAGCCTA	YATGCTGCCTCCCGTAGGAGT	UCSDMI	Longitudinal study of four anaerobic digesters	Illumina MiSeq	16S	Illumina	D2-26-Re_S20_L001_R1_001	3571.0	2032	101.6	3206	GAZ:United States of America	26.0	Monday	TRUE	ENVO:urban biome	Digester2	32.875245	-117.24013500000001	11.46	161.2	7.34	118	141.2	TRUE	11282.0	waste water	Chris	66	874	Digester2	2425	9.47366499838709	250.410302598816
11282.d2.27	AGCACGAGCCTA	YATGCTGCCTCCCGTAGGAGT	UCSDMI	Longitudinal study of four anaerobic digesters	Illumina MiSeq	16S	Illumina	D2-27_S28_L001_R1_001	3571.0	2400	101.6	3660	GAZ:United States of America	27.0	Tuesday	TRUE	ENVO:urban biome	Digester2	32.875245	-117.24013500000001	13.54	203.6	7.11	130.4	148.4	TRUE	11282.0	waste water	Leo	67	425	Digester2	2240	9.246374537290947	231.1539462239041
11282.d2.28	AGCACGAGCCTA	YATGCTGCCTCCCGTAGGAGT	UCSDMI	Longitudinal study of four anaerobic digesters	Illumina MiSeq	16S	Illumina	D2-28_S29_L001_R1_001	3571.0	1824	100	2647	GAZ:United States of America	28.0	Wednesday	TRUE	ENVO:urban biome	Digester2	32.875245	-117.24013500000001	9.6	177.6	7.18	108.4	128	TRUE	11282.0	waste water	Chris	65	752	Digester2	2083	9.153380295848004	218.26775230862597
11282.d2.29	AGCACGAGCCTA	YATGCTGCCTCCCGTAGGAGT	UCSDMI	Longitudinal study of four anaerobic digesters	Illumina MiSeq	16S	Illumina	D2-29_S30_L001_R1_001	3571.0	2144	102	3157	GAZ:United States of America	29.0	Thursday	TRUE	ENVO:urban biome	Digester2	32.875245	-117.24013500000001	10.36	184.8	7.18	113.2	136.8	TRUE	11282.0	waste water	Leo	67	734	Digester2	2231	9.2717377499368	230.74239931939601
11282.d3.1	AGCACGAGCCTA	YATGCTGCCTCCCGTAGGAGT	UCSDMI	Longitudinal study of four anaerobic digesters	Illumina MiSeq	16S	Illumina	D3-1_S42_L001_R1_001	3571.0	1188	64	1380	GAZ:United States of America	1.0	Thursday	TRUE	ENVO:urban biome	Digester3	32.875245	-117.24013500000001	3.72	139.2	7.06	68.6	85.6	TRUE	11282.0	waste water	Leo	77	381	Digester3	2213	8.781102863436233	203.48722955587294
11282.d3.2	AGCACGAGCCTA	YATGCTGCCTCCCGTAGGAGT	UCSDMI	Longitudinal study of four anaerobic digesters	Illumina MiSeq	16S	Illumina	D3-2_S43_L001_R1_001	3571.0	496	72.8	2136	GAZ:United States of America	2.0	Friday	TRUE	ENVO:urban biome	Digester3	32.875245	-117.24013500000001	10.3	176	6.79	96	147.04	TRUE	11282.0	waste water	Chris	75	2498	Digester3	2466	9.149334966199246	228.249198645348
11282.d3.3	AGCACGAGCCTA	YATGCTGCCTCCCGTAGGAGT	UCSDMI	Longitudinal study of four anaerobic digesters	Illumina MiSeq	16S	Illumina	D3-3_S44_L001_R1_001	3571.0	Missing: Not collected	Missing: Not collected	2117	GAZ:United States of America	3.0	Saturday	TRUE	ENVO:urban biome	Digester3	32.875245	-117.24013500000001	Missing: Not collected	Missing: Not collected	Missing: Not collected	Missing: Not collected	Missing: Not collected	TRUE	11282.0	waste water	Leo	Missing: Not collected	Missing: Not collected	Digester3	2443	9.240317398686454	232.06020305143997
11282.d3.4	AGCACGAGCCTA	YATGCTGCCTCCCGTAGGAGT	UCSDMI	Longitudinal study of four anaerobic digesters	Illumina MiSeq	16S	Illumina	D3-4-Re_S10_L001_R1_001	3571.0	Missing: Not collected	Missing: Not collected	2248	GAZ:United States of America	4.0	Sunday	TRUE	ENVO:urban biome	Digester3	32.875245	-117.24013500000001	Missing: Not collected	Missing: Not collected	Missing: Not collected	Missing: Not collected	Missing: Not collected	TRUE	11282.0	waste water	Leo	Missing: Not collected	Missing: Not collected	Digester3	2700	9.680722251324276	248.14722916428505
11282.d3.5	AGCACGAGCCTA	YATGCTGCCTCCCGTAGGAGT	UCSDMI	Longitudinal study of four anaerobic digesters	Illumina MiSeq	16S	Illumina	D3-5_S46_L001_R1_001	3571.0	1984	85.6	3908	GAZ:United States of America	5.0	Monday	TRUE	ENVO:urban biome	Digester3	32.875245	-117.24013500000001	9.17	161.6	6.62	96.8	126	TRUE	11282.0	waste water	Chris	71	1064	Digester3	2427	9.392566224556175	239.782896855019
11282.d3.6	AGCACGAGCCTA	YATGCTGCCTCCCGTAGGAGT	UCSDMI	Longitudinal study of four anaerobic digesters	Illumina MiSeq	16S	Illumina	D3-6_S47_L001_R1_001	3571.0	1728	87.6	3078	GAZ:United States of America	6.0	Tuesday	TRUE	ENVO:urban biome	Digester3	32.875245	-117.24013500000001	8.2	172	6.69	44.4	116.8	TRUE	11282.0	waste water	Leo	78	951	Digester3	2703	9.714687816433251	257.8366386465969
11282.d3.7	AGCACGAGCCTA	YATGCTGCCTCCCGTAGGAGT	UCSDMI	Longitudinal study of four anaerobic digesters	Illumina MiSeq	16S	Illumina	D3-7_S48_L001_R1_001	3571.0	1648	91.6	3516	GAZ:United States of America	7.0	Wednesday	TRUE	ENVO:urban biome	Digester3	32.875245	-117.24013500000001	8.06	162.8	6.8	102.4	115.2	TRUE	11282.0	waste water	Chris	70	877	Digester3	2605	9.664760387702717	256.1794480966489
11282.d3.8	AGCACGAGCCTA	YATGCTGCCTCCCGTAGGAGT	UCSDMI	Longitudinal study of four anaerobic digesters	Illumina MiSeq	16S	Illumina	D3-8_S49_L001_R1_001	3571.0	1760	95.2	3502	GAZ:United States of America	8.0	Thursday	TRUE	ENVO:urban biome	Digester3	32.875245	-117.24013500000001	2.6	173.6	6.79	100	121.6	TRUE	11282.0	waste water	Leo	71	761	Digester3	2541	9.4986281881082	246.3907548139269
11282.d3.9	AGCACGAGCCTA	YATGCTGCCTCCCGTAGGAGT	UCSDMI	Longitudinal study of four anaerobic digesters	Illumina MiSeq	16S	Illumina	D3-9_S50_L001_R1_001	3571.0	2016	98.8	3164	GAZ:United States of America	9.0	Friday	TRUE	ENVO:urban biome	Digester3	32.875245	-117.24013500000001	7.38	145.6	6.85	92.4	114.4	TRUE	11282.0	waste water	Chris	71	512	Digester3	2600	9.549305005830142	251.68130685578896
11282.d3.10	AGCACGAGCCTA	YATGCTGCCTCCCGTAGGAGT	UCSDMI	Longitudinal study of four anaerobic digesters	Illumina MiSeq	16S	Illumina	D3-10_S51_L001_R1_001	3571.0	Missing: Not collected	Missing: Not collected	2108	GAZ:United States of America	10.0	Saturday	TRUE	ENVO:urban biome	Digester3	32.875245	-117.24013500000001	Missing: Not collected	Missing: Not collected	Missing: Not collected	Missing: Not collected	Missing: Not collected	TRUE	11282.0	waste water	Leo	Missing: Not collected	Missing: Not collected	Digester3	2145	9.256419407849345	215.88309718278904
11282.d3.11	AGCACGAGCCTA	YATGCTGCCTCCCGTAGGAGT	UCSDMI	Longitudinal study of four anaerobic digesters	Illumina MiSeq	16S	Illumina	D3-11_S52_L001_R1_001	3571.0	Missing: Not collected	Missing: Not collected	1443	GAZ:United States of America	11.0	Sunday	TRUE	ENVO:urban biome	Digester3	32.875245	-117.24013500000001	Missing: Not collected	Missing: Not collected	Missing: Not collected	Missing: Not collected	Missing: Not collected	TRUE	11282.0	waste water	Leo	Missing: Not collected	Missing: Not collected	Digester3	2539	9.335993193290538	254.6616305516649
11282.d3.12	AGCACGAGCCTA	YATGCTGCCTCCCGTAGGAGT	UCSDMI	Longitudinal study of four anaerobic digesters	Illumina MiSeq	16S	Illumina	D3-12_S53_L001_R1_001	3571.0	1712	100.8	2780	GAZ:United States of America	12.0	Monday	TRUE	ENVO:urban biome	Digester3	32.875245	-117.24013500000001	7.26	151.2	6.85	88.4	111.6	TRUE	11282.0	waste water	Chris	72	609	Digester3	2411	9.192415227709473	247.49762113457203
11282.d3.13	AGCACGAGCCTA	YATGCTGCCTCCCGTAGGAGT	UCSDMI	Longitudinal study of four anaerobic digesters	Illumina MiSeq	16S	Illumina	D3-13_S54_L001_R1_001	3571.0	1664	94	2199	GAZ:United States of America	13.0	Tuesday	TRUE	ENVO:urban biome	Digester3	32.875245	-117.24013500000001	7.34	146.4	6.82	83.2	97.2	TRUE	11282.0	waste water	Leo	69	555	Digester3	2413	9.204731487754346	245.73907361824212
11282.d3.14	AGCACGAGCCTA	YATGCTGCCTCCCGTAGGAGT	UCSDMI	Longitudinal study of four anaerobic digesters	Illumina MiSeq	16S	Illumina	D3-14_S55_L001_R1_001	3571.0	1728	98.8	2318	GAZ:United States of America	14.0	Wednesday	TRUE	ENVO:urban biome	Digester3	32.875245	-117.24013500000001	6.08	135.6	6.9	86	104.8	TRUE	11282.0	waste water	Chris	67	504	Digester3	2460	9.213311599984118	255.630084985252
11282.d3.15	AGCACGAGCCTA	YATGCTGCCTCCCGTAGGAGT	UCSDMI	Longitudinal study of four anaerobic digesters	Illumina MiSeq	16S	Illumina	D3-15_S56_L001_R1_001	3571.0	1446.4	94.4	1644	GAZ:United States of America	15.0	Thursday	TRUE	ENVO:urban biome	Digester3	32.875245	-117.24013500000001	6.62	139.6	6.94	82	92.8	TRUE	11282.0	waste water	Leo	69	423	Digester3	2485	9.190377981525142	258.08244865841806
11282.d3.16	AGCACGAGCCTA	YATGCTGCCTCCCGTAGGAGT	UCSDMI	Longitudinal study of four anaerobic digesters	Illumina MiSeq	16S	Illumina	D3-16_S31_L001_R1_001	3571.0	1438.4	98	1337	GAZ:United States of America	16.0	Friday	TRUE	ENVO:urban biome	Digester3	32.875245	-117.24013500000001	4.38	125.6	6.89	79.2	88.8	TRUE	11282.0	waste water	Chris	71	655	Digester3	2285	9.251911424541577	246.25823910067902
11282.d3.17	AGCACGAGCCTA	YATGCTGCCTCCCGTAGGAGT	UCSDMI	Longitudinal study of four anaerobic digesters	Illumina MiSeq	16S	Illumina	D3-17_S32_L001_R1_001	3571.0	Missing: Not collected	Missing: Not collected	1887	GAZ:United States of America	17.0	Saturday	TRUE	ENVO:urban biome	Digester3	32.875245	-117.24013500000001	Missing: Not collected	Missing: Not collected	Missing: Not collected	Missing: Not collected	Missing: Not collected	TRUE	11282.0	waste water	Leo	Missing: Not collected	Missing: Not collected	Digester3	2182	9.197340365206882	233.93679689462
11282.d3.18	AGCACGAGCCTA	YATGCTGCCTCCCGTAGGAGT	UCSDMI	Longitudinal study of four anaerobic digesters	Illumina MiSeq	16S	Illumina	D3-18_S33_L001_R1_001	3571.0	Missing: Not collected	Missing: Not collected	1457	GAZ:United States of America	18.0	Sunday	TRUE	ENVO:urban biome	Digester3	32.875245	-117.24013500000001	Missing: Not collected	Missing: Not collected	Missing: Not collected	Missing: Not collected	Missing: Not collected	TRUE	11282.0	waste water	Leo	Missing: Not collected	Missing: Not collected	Digester3	2525	9.303643425177167	266.16063299853613
11282.d3.19	AGCACGAGCCTA	YATGCTGCCTCCCGTAGGAGT	UCSDMI	Longitudinal study of four anaerobic digesters	Illumina MiSeq	16S	Illumina	D3-19-Re_S13_L001_R1_001	3571.0	1302.4	98.4	1208	GAZ:United States of America	19.0	Monday	TRUE	ENVO:urban biome	Digester3	32.875245	-117.24013500000001	3.98	118.8	7.08	76	84	TRUE	11282.0	waste water	Chris	71	328	Digester3	1963	9.224471144398727	205.7675385832221
11282.d3.20	AGCACGAGCCTA	YATGCTGCCTCCCGTAGGAGT	UCSDMI	Longitudinal study of four anaerobic digesters	Illumina MiSeq	16S	Illumina	D3-20_S35_L001_R1_001	3571.0	1280	84.8	1215	GAZ:United States of America	20.0	Tuesday	TRUE	ENVO:urban biome	Digester3	32.875245	-117.24013500000001	3.54	128	6.97	72.4	75.6	TRUE	11282.0	waste water	Leo	67	329	Digester3	2260	9.222708822343318	238.90865434684207
11282.d3.21	AGCACGAGCCTA	YATGCTGCCTCCCGTAGGAGT	UCSDMI	Longitudinal study of four anaerobic digesters	Illumina MiSeq	16S	Illumina	D3-21_S36_L001_R1_001	3571.0	1272	97.6	971	GAZ:United States of America	21.0	Wednesday	TRUE	ENVO:urban biome	Digester3	32.875245	-117.24013500000001	3.28	122.8	6.99	72	78.4	TRUE	11282.0	waste water	Chris	74	280	Digester3	2091	9.151621724395174	224.33832226495792
11282.d3.22	AGCACGAGCCTA	YATGCTGCCTCCCGTAGGAGT	UCSDMI	Longitudinal study of four anaerobic digesters	Illumina MiSeq	16S	Illumina	D3-22_S37_L001_R1_001	3571.0	1112	100	1044	GAZ:United States of America	22.0	Thursday	TRUE	ENVO:urban biome	Digester3	32.875245	-117.24013500000001	3.1	133.6	7.04	70.8	77.2	TRUE	11282.0	waste water	Leo	72	264	Digester3	2212	9.255245485021122	239.496522704352
11282.d3.23	AGCACGAGCCTA	YATGCTGCCTCCCGTAGGAGT	UCSDMI	Longitudinal study of four anaerobic digesters	Illumina MiSeq	16S	Illumina	D3-23_S38_L001_R1_001	3571.0	1025.6	98	927	GAZ:United States of America	23.0	Friday	TRUE	ENVO:urban biome	Digester3	32.875245	-117.24013500000001	3.44	126	7.04	71.2	78.8	TRUE	11282.0	waste water	Chris	71	283	Digester3	2173	9.189306280637568	235.36935985628202
11282.d3.24	AGCACGAGCCTA	YATGCTGCCTCCCGTAGGAGT	UCSDMI	Longitudinal study of four anaerobic digesters	Illumina MiSeq	16S	Illumina	D3-24_S39_L001_R1_001	3571.0	Missing: Not collected	Missing: Not collected	1125	GAZ:United States of America	24.0	Saturday	TRUE	ENVO:urban biome	Digester3	32.875245	-117.24013500000001	Missing: Not collected	Missing: Not collected	Missing: Not collected	Missing: Not collected	Missing: Not collected	TRUE	11282.0	waste water	Leo	Missing: Not collected	Missing: Not collected	Digester3	2091	9.104296632075082	225.418006802332
11282.d3.25	AGCACGAGCCTA	YATGCTGCCTCCCGTAGGAGT	UCSDMI	Longitudinal study of four anaerobic digesters	Illumina MiSeq	16S	Illumina	D3-25_S40_L001_R1_001	3571.0	Missing: Not collected	Missing: Not collected	1015	GAZ:United States of America	25.0	Sunday	TRUE	ENVO:urban biome	Digester3	32.875245	-117.24013500000001	Missing: Not collected	Missing: Not collected	Missing: Not collected	Missing: Not collected	Missing: Not collected	TRUE	11282.0	waste water	Leo	Missing: Not collected	Missing: Not collected	Digester3	2432	9.32949423163559	262.467562450909
11282.d3.26	AGCACGAGCCTA	YATGCTGCCTCCCGTAGGAGT	UCSDMI	Longitudinal study of four anaerobic digesters	Illumina MiSeq	16S	Illumina	D3-26_S41_L001_R1_001	3571.0	955.2	100.8	952	GAZ:United States of America	26.0	Monday	TRUE	ENVO:urban biome	Digester3	32.875245	-117.24013500000001	3.54	104.4	7.01	71.2	78.4	TRUE	11282.0	waste water	Chris	72	288	Digester3	1955	9.18924934533681	214.43598492201903
11282.d3.27	AGCACGAGCCTA	YATGCTGCCTCCCGTAGGAGT	UCSDMI	Longitudinal study of four anaerobic digesters	Illumina MiSeq	16S	Illumina	D3-27_S42_L001_R1_001	3571.0	1022.4	99.2	1198	GAZ:United States of America	27.0	Tuesday	TRUE	ENVO:urban biome	Digester3	32.875245	-117.24013500000001	3.44	139.2	6.95	73.6	80.8	TRUE	11282.0	waste water	Leo	75	280	Digester3	2093	9.242624152305737	227.666572134639
11282.d3.28	AGCACGAGCCTA	YATGCTGCCTCCCGTAGGAGT	UCSDMI	Longitudinal study of four anaerobic digesters	Illumina MiSeq	16S	Illumina	D3-28_S43_L001_R1_001	3571.0	1126.4	107.2	1007	GAZ:United States of America	28.0	Wednesday	TRUE	ENVO:urban biome	Digester3	32.875245	-117.24013500000001	3.56	136	6.98	73.2	80.4	TRUE	11282.0	waste water	Chris	68	296	Digester3	2321	9.330582831830533	248.35735473201302
11282.d3.29	AGCACGAGCCTA	YATGCTGCCTCCCGTAGGAGT	UCSDMI	Longitudinal study of four anaerobic digesters	Illumina MiSeq	16S	Illumina	D3-29_S44_L001_R1_001	3571.0	1115.2	102	1049	GAZ:United States of America	29.0	Thursday	TRUE	ENVO:urban biome	Digester3	32.875245	-117.24013500000001	3.42	133.6	6.96	72.4	78.4	TRUE	11282.0	waste water	Leo	78	281	Digester3	2141	9.31525885728764	232.16878067290205
11282.d4.1	AGCACGAGCCTA	YATGCTGCCTCCCGTAGGAGT	UCSDMI	Longitudinal study of four anaerobic digesters	Illumina MiSeq	16S	Illumina	D4-1-Re_S5_L001_R1_001	3571.0	2168	66.8	2178	GAZ:United States of America	1.0	Thursday	TRUE	ENVO:urban biome	Digester4	32.875245	-117.24013500000001	9.63	165.8	7.03	79.6	132.8	TRUE	11282.0	waste water	Leo	81	490	Digester4	2074	8.80885148446007	182.871791681824
11282.d4.2	AGCACGAGCCTA	YATGCTGCCTCCCGTAGGAGT	UCSDMI	Longitudinal study of four anaerobic digesters	Illumina MiSeq	16S	Illumina	D4-2_S58_L001_R1_001	3571.0	602	69.2	11427	GAZ:United States of America	2.0	Friday	TRUE	ENVO:urban biome	Digester4	32.875245	-117.24013500000001	13	177.6	6.76	105.28	159.2	TRUE	11282.0	waste water	Chris	75	1368	Digester4	2632	9.347848952634317	245.598375920042
11282.d4.3	AGCACGAGCCTA	YATGCTGCCTCCCGTAGGAGT	UCSDMI	Longitudinal study of four anaerobic digesters	Illumina MiSeq	16S	Illumina	D4-3_S59_L001_R1_001	3571.0	Missing: Not collected	Missing: Not collected	2143	GAZ:United States of America	3.0	Saturday	TRUE	ENVO:urban biome	Digester4	32.875245	-117.24013500000001	Missing: Not collected	Missing: Not collected	Missing: Not collected	Missing: Not collected	Missing: Not collected	TRUE	11282.0	waste water	Leo	Missing: Not collected	Missing: Not collected	Digester4	2169	8.819249528628024	218.539726782596
11282.d4.4	AGCACGAGCCTA	YATGCTGCCTCCCGTAGGAGT	UCSDMI	Longitudinal study of four anaerobic digesters	Illumina MiSeq	16S	Illumina	D4-4-Re_S1_L001_R1_001	3571.0	Missing: Not collected	Missing: Not collected	2220	GAZ:United States of America	4.0	Sunday	TRUE	ENVO:urban biome	Digester4	32.875245	-117.24013500000001	Missing: Not collected	Missing: Not collected	Missing: Not collected	Missing: Not collected	Missing: Not collected	TRUE	11282.0	waste water	Leo	Missing: Not collected	Missing: Not collected	Digester4	2121	8.835225210932037	211.27511580683498
11282.d4.5	AGCACGAGCCTA	YATGCTGCCTCCCGTAGGAGT	UCSDMI	Longitudinal study of four anaerobic digesters	Illumina MiSeq	16S	Illumina	D4-5_S61_L001_R1_001	3571.0	2816	85.2	4308	GAZ:United States of America	5.0	Monday	TRUE	ENVO:urban biome	Digester4	32.875245	-117.24013500000001	13.38	200	6.83	121.6	155.2	TRUE	11282.0	waste water	Chris	70	1167	Digester4	2356	9.065513969850606	229.97640263931797
11282.d4.6	AGCACGAGCCTA	YATGCTGCCTCCCGTAGGAGT	UCSDMI	Longitudinal study of four anaerobic digesters	Illumina MiSeq	16S	Illumina	D4-6_S62_L001_R1_001	3571.0	1920	84.8	3265	GAZ:United States of America	6.0	Tuesday	TRUE	ENVO:urban biome	Digester4	32.875245	-117.24013500000001	12.04	171.2	6.83	49.2	123.6	TRUE	11282.0	waste water	Leo	89	900	Digester4	2414	9.431493039766158	242.3719764989158
11282.d4.7	AGCACGAGCCTA	YATGCTGCCTCCCGTAGGAGT	UCSDMI	Longitudinal study of four anaerobic digesters	Illumina MiSeq	16S	Illumina	D4-7_S63_L001_R1_001	3571.0	2720	91.6	4573	GAZ:United States of America	7.0	Wednesday	TRUE	ENVO:urban biome	Digester4	32.875245	-117.24013500000001	13.44	203.2	6.92	129.2	155.6	TRUE	11282.0	waste water	Chris	70	1131	Digester4	2446	9.390884082761604	248.934448286833
11282.d4.8	AGCACGAGCCTA	YATGCTGCCTCCCGTAGGAGT	UCSDMI	Longitudinal study of four anaerobic digesters	Illumina MiSeq	16S	Illumina	D4-8_S64_L001_R1_001	3571.0	2544	89.6	4335	GAZ:United States of America	8.0	Thursday	TRUE	ENVO:urban biome	Digester4	32.875245	-117.24013500000001	3.48	199.6	6.84	124	157.2	TRUE	11282.0	waste water	Leo	67	906	Digester4	2401	9.37477520475035	242.339564096752
11282.d4.9	AGCACGAGCCTA	YATGCTGCCTCCCGTAGGAGT	UCSDMI	Longitudinal study of four anaerobic digesters	Illumina MiSeq	16S	Illumina	D4-9-Re_S16_L001_R1_001	3571.0	2656	89.6	3223	GAZ:United States of America	9.0	Friday	TRUE	ENVO:urban biome	Digester4	32.875245	-117.24013500000001	9.62	160	6.94	103.6	127.6	TRUE	11282.0	waste water	Chris	68	592	Digester4	2498	9.64876325898325	240.44428650357202
11282.d4.10	AGCACGAGCCTA	YATGCTGCCTCCCGTAGGAGT	UCSDMI	Longitudinal study of four anaerobic digesters	Illumina MiSeq	16S	Illumina	D4-10_S66_L001_R1_001	3571.0	Missing: Not collected	Missing: Not collected	1649	GAZ:United States of America	10.0	Saturday	TRUE	ENVO:urban biome	Digester4	32.875245	-117.24013500000001	Missing: Not collected	Missing: Not collected	Missing: Not collected	Missing: Not collected	Missing: Not collected	TRUE	11282.0	waste water	Leo	Missing: Not collected	Missing: Not collected	Digester4	2524	9.43715856506927	260.84157167338606
11282.d4.11	AGCACGAGCCTA	YATGCTGCCTCCCGTAGGAGT	UCSDMI	Longitudinal study of four anaerobic digesters	Illumina MiSeq	16S	Illumina	D4-11_S67_L001_R1_001	3571.0	Missing: Not collected	Missing: Not collected	1225	GAZ:United States of America	11.0	Sunday	TRUE	ENVO:urban biome	Digester4	32.875245	-117.24013500000001	Missing: Not collected	Missing: Not collected	Missing: Not collected	Missing: Not collected	Missing: Not collected	TRUE	11282.0	waste water	Leo	Missing: Not collected	Missing: Not collected	Digester4	2534	9.482614543655886	258.33479123242904
11282.d4.12	AGCACGAGCCTA	YATGCTGCCTCCCGTAGGAGT	UCSDMI	Longitudinal study of four anaerobic digesters	Illumina MiSeq	16S	Illumina	D4-12_S68_L001_R1_001	3571.0	2448	93.6	3797	GAZ:United States of America	12.0	Monday	TRUE	ENVO:urban biome	Digester4	32.875245	-117.24013500000001	11.66	187.6	6.88	115.6	148	TRUE	11282.0	waste water	Chris	67	772	Digester4	2366	9.336178282671566	246.37784342765303
11282.d4.13	AGCACGAGCCTA	YATGCTGCCTCCCGTAGGAGT	UCSDMI	Longitudinal study of four anaerobic digesters	Illumina MiSeq	16S	Illumina	D4-13_S69_L001_R1_001	3571.0	2064	89.6	2513	GAZ:United States of America	13.0	Tuesday	TRUE	ENVO:urban biome	Digester4	32.875245	-117.24013500000001	5.72	158	6.85	98.8	116.4	TRUE	11282.0	waste water	Leo	70	657	Digester4	2324	9.2018489893561	237.3008578766089
11282.d4.14	AGCACGAGCCTA	YATGCTGCCTCCCGTAGGAGT	UCSDMI	Longitudinal study of four anaerobic digesters	Illumina MiSeq	16S	Illumina	D4-14_S70_L001_R1_001	3571.0	2000	94.8	2412	GAZ:United States of America	14.0	Wednesday	TRUE	ENVO:urban biome	Digester4	32.875245	-117.24013500000001	8	135.6	6.89	96.4	116.4	TRUE	11282.0	waste water	Chris	66	625	Digester4	2351	9.292194764787855	246.8745609928091
11282.d4.15	AGCACGAGCCTA	YATGCTGCCTCCCGTAGGAGT	UCSDMI	Longitudinal study of four anaerobic digesters	Illumina MiSeq	16S	Illumina	D4-15_S71_L001_R1_001	3571.0	1872	97.2	2362	GAZ:United States of America	15.0	Thursday	TRUE	ENVO:urban biome	Digester4	32.875245	-117.24013500000001	9.46	154	6.9	95.6	112	TRUE	11282.0	waste water	Leo	69	597	Digester4	2402	9.254476246139886	247.0421058381659
11282.d4.16	AGCACGAGCCTA	YATGCTGCCTCCCGTAGGAGT	UCSDMI	Longitudinal study of four anaerobic digesters	Illumina MiSeq	16S	Illumina	D4-16_S45_L001_R1_001	3571.0	2000	96.8	2293	GAZ:United States of America	16.0	Friday	TRUE	ENVO:urban biome	Digester4	32.875245	-117.24013500000001	8.22	157.2	6.9	98.8	115.6	TRUE	11282.0	waste water	Chris	65	389	Digester4	2086	9.260650553403805	226.206610562096
11282.d4.17	AGCACGAGCCTA	YATGCTGCCTCCCGTAGGAGT	UCSDMI	Longitudinal study of four anaerobic digesters	Illumina MiSeq	16S	Illumina	D4-17_S46_L001_R1_001	3571.0	Missing: Not collected	Missing: Not collected	2111	GAZ:United States of America	17.0	Saturday	TRUE	ENVO:urban biome	Digester4	32.875245	-117.24013500000001	Missing: Not collected	Missing: Not collected	Missing: Not collected	Missing: Not collected	Missing: Not collected	TRUE	11282.0	waste water	Leo	Missing: Not collected	Missing: Not collected	Digester4	2210	9.361513687813904	238.394039120656
11282.d4.18	AGCACGAGCCTA	YATGCTGCCTCCCGTAGGAGT	UCSDMI	Longitudinal study of four anaerobic digesters	Illumina MiSeq	16S	Illumina	D4-18_S47_L001_R1_001	3571.0	Missing: Not collected	Missing: Not collected	1842	GAZ:United States of America	18.0	Sunday	TRUE	ENVO:urban biome	Digester4	32.875245	-117.24013500000001	Missing: Not collected	Missing: Not collected	Missing: Not collected	Missing: Not collected	Missing: Not collected	TRUE	11282.0	waste water	Leo	Missing: Not collected	Missing: Not collected	Digester4	2112	9.268387219900744	227.036596529733
11282.d4.19	AGCACGAGCCTA	YATGCTGCCTCCCGTAGGAGT	UCSDMI	Longitudinal study of four anaerobic digesters	Illumina MiSeq	16S	Illumina	D4-19-Re_S2_L001_R1_001	3571.0	1728	100	1866	GAZ:United States of America	19.0	Monday	TRUE	ENVO:urban biome	Digester4	32.875245	-117.24013500000001	6.74	131.2	7.02	90	103.6	TRUE	11282.0	waste water	Chris	65	515	Digester4	2225	9.33757089489606	233.06378660099202
11282.d4.20	AGCACGAGCCTA	YATGCTGCCTCCCGTAGGAGT	UCSDMI	Longitudinal study of four anaerobic digesters	Illumina MiSeq	16S	Illumina	D4-20_S49_L001_R1_001	3571.0	1808	98	1738	GAZ:United States of America	20.0	Tuesday	TRUE	ENVO:urban biome	Digester4	32.875245	-117.24013500000001	6.04	140.8	6.85	87.6	96.8	TRUE	11282.0	waste water	Leo	69	533	Digester4	2157	9.147653439595006	227.40589728071396
11282.d4.21	AGCACGAGCCTA	YATGCTGCCTCCCGTAGGAGT	UCSDMI	Longitudinal study of four anaerobic digesters	Illumina MiSeq	16S	Illumina	D4-21_S50_L001_R1_001	3571.0	1872	98.8	1798	GAZ:United States of America	21.0	Wednesday	TRUE	ENVO:urban biome	Digester4	32.875245	-117.24013500000001	6.54	139.6	6.99	90.4	104	TRUE	11282.0	waste water	Chris	67	517	Digester4	2124	9.198923889029293	221.92701392655601
11282.d4.22	AGCACGAGCCTA	YATGCTGCCTCCCGTAGGAGT	UCSDMI	Longitudinal study of four anaerobic digesters	Illumina MiSeq	16S	Illumina	D4-22_S51_L001_R1_001	3571.0	1408	97.6	1761	GAZ:United States of America	22.0	Thursday	TRUE	ENVO:urban biome	Digester4	32.875245	-117.24013500000001	5.76	153.2	6.97	86	99.2	TRUE	11282.0	waste water	Leo	66	497	Digester4	2016	9.072043476781634	216.931655428
11282.d4.23	AGCACGAGCCTA	YATGCTGCCTCCCGTAGGAGT	UCSDMI	Longitudinal study of four anaerobic digesters	Illumina MiSeq	16S	Illumina	D4-23_S52_L001_R1_001	3571.0	1467.2	100.4	1519	GAZ:United States of America	23.0	Friday	TRUE	ENVO:urban biome	Digester4	32.875245	-117.24013500000001	5.64	135.6	7.02	82.8	96	TRUE	11282.0	waste water	Chris	67	472	Digester4	2382	9.266694336091504	255.56399887384498
11282.d4.24	AGCACGAGCCTA	YATGCTGCCTCCCGTAGGAGT	UCSDMI	Longitudinal study of four anaerobic digesters	Illumina MiSeq	16S	Illumina	D4-24_S53_L001_R1_001	3571.0	Missing: Not collected	Missing: Not collected	1541	GAZ:United States of America	24.0	Saturday	TRUE	ENVO:urban biome	Digester4	32.875245	-117.24013500000001	Missing: Not collected	Missing: Not collected	Missing: Not collected	Missing: Not collected	Missing: Not collected	TRUE	11282.0	waste water	Leo	Missing: Not collected	Missing: Not collected	Digester4	2383	9.331765885950249	256.5113121919661
11282.d4.25	AGCACGAGCCTA	YATGCTGCCTCCCGTAGGAGT	UCSDMI	Longitudinal study of four anaerobic digesters	Illumina MiSeq	16S	Illumina	D4-25_S54_L001_R1_001	3571.0	Missing: Not collected	Missing: Not collected	1714	GAZ:United States of America	25.0	Sunday	TRUE	ENVO:urban biome	Digester4	32.875245	-117.24013500000001	Missing: Not collected	Missing: Not collected	Missing: Not collected	Missing: Not collected	Missing: Not collected	TRUE	11282.0	waste water	Leo	Missing: Not collected	Missing: Not collected	Digester4	2409	9.398494483763358	260.69893577178595
11282.d4.26	AGCACGAGCCTA	YATGCTGCCTCCCGTAGGAGT	UCSDMI	Longitudinal study of four anaerobic digesters	Illumina MiSeq	16S	Illumina	D4-26_S55_L001_R1_001	3571.0	596.8	100	1582	GAZ:United States of America	26.0	Monday	TRUE	ENVO:urban biome	Digester4	32.875245	-117.24013500000001	6.16	139.2	6.99	84	94.8	TRUE	11282.0	waste water	Chris	71	472	Digester4	2377	9.170284831268578	248.371076341526
11282.d4.27	AGCACGAGCCTA	YATGCTGCCTCCCGTAGGAGT	UCSDMI	Longitudinal study of four anaerobic digesters	Illumina MiSeq	16S	Illumina	D4-27_S56_L001_R1_001	3571.0	1348.8	98	1623	GAZ:United States of America	27.0	Tuesday	TRUE	ENVO:urban biome	Digester4	32.875245	-117.24013500000001	5.52	141.6	6.88	83.6	94	TRUE	11282.0	waste water	Leo	68	400	Digester4	2385	9.192701480118798	252.21677220853599
11282.d4.28	AGCACGAGCCTA	YATGCTGCCTCCCGTAGGAGT	UCSDMI	Longitudinal study of four anaerobic digesters	Illumina MiSeq	16S	Illumina	D4-28_S57_L001_R1_001	3571.0	1385.6	101.6	1529	GAZ:United States of America	28.0	Wednesday	TRUE	ENVO:urban biome	Digester4	32.875245	-117.24013500000001	5.56	141.2	6.96	84.8	92	TRUE	11282.0	waste water	Chris	67	455	Digester4	2291	9.239216197711373	242.00856609300305
11282.d4.29	AGCACGAGCCTA	YATGCTGCCTCCCGTAGGAGT	UCSDMI	Longitudinal study of four anaerobic digesters	Illumina MiSeq	16S	Illumina	D4-29_S58_L001_R1_001	3571.0	1648	102	1917	GAZ:United States of America	29.0	Thursday	TRUE	ENVO:urban biome	Digester4	32.875245	-117.24013500000001	6.04	149.6	6.9	87.2	98.4	TRUE	11282.0	waste water	Leo	68	494	Digester4	2430	9.346074689370433	260.295267740163
11282.d0	AGCACGAGCCTA	YATGCTGCCTCCCGTAGGAGT	UCSDMI	Longitudinal study of four anaerobic digesters	Illumina MiSeq	16S	Illumina	D0_S15_L001_R1_001	3571.0	Missing: Not collected	Missing: Not collected	Missing: Not collected	GAZ:United States of America	0.0	Wednesday	TRUE	ENVO:urban biome	Sample before spike	32.875245	-117.24013500000001	Missing: Not collected	Missing: Not collected	Missing: Not collected	Missing: Not collected	Missing: Not collected	TRUE	11282.0	waste water	Chris	Missing: Not collected	Missing: Not collected	Water sample before it was placed in any of the digesters	2126	8.719852031935485	174.17763622571
